unique_id,gender,hold racket handed,play years_0,play years_1,play years_2,level_2,level_3,level_4,level_5
1968,0.0675,0.0,0.717,0.2642,0.0189,0.0609,0.8783,0.0,0.0609
1969,0.0675,0.0,0.0209,0.9144,0.0647,0.0029,0.0086,0.0029,0.9857
1970,0.0675,0.0,0.0209,0.9144,0.0647,0.0029,0.0086,0.0029,0.9857
1971,0.0675,0.0,0.0209,0.9144,0.0647,0.0029,0.0086,0.0029,0.9857
1972,0.0675,0.0,0.3226,0.6452,0.0323,0.0,0.4286,0.0,0.5714
1973,0.0675,0.0,0.1957,0.6594,0.1449,0.5584,0.1818,0.0,0.2597
1974,0.0675,0.0,0.717,0.2642,0.0189,0.0029,0.0086,0.0029,0.9857
1975,0.0675,0.0,0.717,0.2642,0.0189,0.0093,0.1121,0.0,0.8785
1976,0.0675,0.0,0.3226,0.6452,0.0323,0.0,0.4286,0.0,0.5714
1977,0.0675,0.0,0.0209,0.9144,0.0647,0.0029,0.0086,0.0029,0.9857
1978,0.0675,0.0,0.0209,0.9144,0.0647,0.0029,0.0086,0.0029,0.9857
1979,0.0675,0.0,0.0209,0.9144,0.0647,0.0,0.95,0.0,0.05
1980,0.92,1.0,0.0,0.0,1.0,1.0,0.0,0.0,0.0
1981,0.0675,1.0,0.0209,0.9144,0.0647,0.0029,0.0086,0.0029,0.9857
1982,0.0675,0.0,0.0209,0.9144,0.0647,0.0029,0.0086,0.0029,0.9857
1983,0.0119,0.8462,0.0209,0.9144,0.0647,0.0,0.1406,0.0,0.8594
1984,0.0675,0.0,0.0,0.0,1.0,0.0,0.0,0.0,1.0
1985,0.0057,1.0,0.0209,0.9144,0.0647,0.0093,0.1121,0.0,0.8785
1986,0.0675,0.0,0.0209,0.9144,0.0647,0.0029,0.0086,0.0029,0.9857
1987,0.0675,0.0,0.0209,0.9144,0.0647,0.0093,0.1121,0.0,0.8785
1988,0.0675,0.0,0.2816,0.4434,0.2751,0.8684,0.0,0.0,0.1316
1989,0.0675,0.0,0.0209,0.9144,0.0647,0.0,0.1406,0.0,0.8594
1990,0.0675,1.0,0.6,0.1,0.3,0.0,0.3,0.1,0.6
1991,0.0675,0.0,0.1,0.4,0.5,0.5584,0.1818,0.0,0.2597
1992,0.0675,0.0,0.0209,0.9144,0.0647,0.0029,0.0086,0.0029,0.9857
1993,0.8824,1.0,0.0209,0.9144,0.0647,0.0,0.1406,0.0,0.8594
1994,0.0675,0.0,0.0209,0.9144,0.0647,0.0029,0.0086,0.0029,0.9857
1995,0.0675,0.0,0.1957,0.6594,0.1449,0.0609,0.8783,0.0,0.0609
1996,0.0675,0.0,0.0209,0.9144,0.0647,0.0,0.4,0.0,0.6
1997,0.0675,0.0,0.717,0.2642,0.0189,0.0029,0.0086,0.0029,0.9857
1998,0.0675,0.0,0.0209,0.9144,0.0647,0.0029,0.0086,0.0029,0.9857
1999,0.0675,0.0,0.3226,0.6452,0.0323,0.0029,0.0086,0.0029,0.9857
2000,0.0675,0.0,0.1957,0.6594,0.1449,0.0609,0.8783,0.0,0.0609
2001,0.0675,0.0,0.1,0.4,0.5,0.0609,0.8783,0.0,0.0609
2002,0.0675,0.0,0.3226,0.6452,0.0323,0.5584,0.1818,0.0,0.2597
2003,0.0675,0.0,0.0209,0.9144,0.0647,0.0,0.4,0.0,0.6
2004,0.0119,0.0,0.1,0.4,0.5,0.5584,0.1818,0.0,0.2597
2005,1.0,1.0,0.0,0.0,1.0,1.0,0.0,0.0,0.0
2006,0.0057,1.0,0.0209,0.9144,0.0647,0.5584,0.1818,0.0,0.2597
2007,0.0057,1.0,0.3226,0.6452,0.0323,0.0093,0.1121,0.0,0.8785
2008,0.0057,1.0,0.0209,0.9144,0.0647,0.0,0.1406,0.0,0.8594
2009,0.8824,1.0,0.0209,0.9144,0.0647,0.0,0.1406,0.0,0.8594
2010,0.8824,0.0,0.0209,0.9144,0.0647,0.0,0.1406,0.0,0.8594
2011,0.0057,1.0,0.0209,0.9144,0.0647,0.0093,0.1121,0.0,0.8785
2012,0.0675,0.0,0.1,0.4,0.5,0.5584,0.1818,0.0,0.2597
2013,0.0675,0.0,0.0209,0.9144,0.0647,0.0093,0.1121,0.0,0.8785
2014,0.0675,0.0,0.0209,0.9144,0.0647,0.0029,0.0086,0.0029,0.9857
2015,0.1,1.0,0.3226,0.6452,0.0323,0.0,0.6923,0.2308,0.0769
2016,0.0675,0.0,0.1,0.4,0.5,0.0609,0.8783,0.0,0.0609
2017,0.0675,0.0,0.0209,0.9144,0.0647,0.0029,0.0086,0.0029,0.9857
2018,0.0675,0.0,0.0209,0.9144,0.0647,0.5584,0.1818,0.0,0.2597
2019,0.0675,0.0,0.0209,0.9144,0.0647,0.0093,0.1121,0.0,0.8785
2020,1.0,1.0,0.0,0.0,1.0,0.8684,0.0,0.0,0.1316
2021,1.0,0.8462,0.0,0.0,1.0,0.6,0.0,0.0,0.4
2022,1.0,1.0,0.0,0.0,1.0,1.0,0.0,0.0,0.0
2023,0.0675,0.0,0.0209,0.9144,0.0647,0.0093,0.1121,0.0,0.8785
2024,0.0675,0.0,0.0209,0.9144,0.0647,0.5584,0.1818,0.0,0.2597
2025,0.0119,0.4545,0.0209,0.9144,0.0647,0.0,0.1406,0.0,0.8594
2026,0.0675,0.0,0.1,0.4,0.5,0.0609,0.8783,0.0,0.0609
2027,0.0675,0.0,0.2816,0.4434,0.2751,1.0,0.0,0.0,0.0
2028,0.0057,1.0,0.0209,0.9144,0.0647,0.0029,0.0086,0.0029,0.9857
2029,0.0675,0.0,0.0209,0.9144,0.0647,0.0093,0.1121,0.0,0.8785
2030,0.0675,0.0,0.1957,0.6594,0.1449,0.0609,0.8783,0.0,0.0609
2031,0.0675,0.0,0.3226,0.6452,0.0323,0.0,0.4286,0.0,0.5714
2032,0.0675,0.0,0.717,0.2642,0.0189,0.0029,0.0086,0.0029,0.9857
2033,0.0119,0.0,0.1,0.4,0.5,0.5584,0.1818,0.0,0.2597
2034,0.0675,0.0,0.717,0.2642,0.0189,0.0609,0.8783,0.0,0.0609
2035,0.0,1.0,0.3226,0.6452,0.0323,0.0,0.6923,0.2308,0.0769
2036,0.0675,0.0,0.0209,0.9144,0.0647,0.0609,0.8783,0.0,0.0609
2037,0.0675,0.0,0.1957,0.6594,0.1449,0.5584,0.1818,0.0,0.2597
2038,0.0675,0.0,0.0209,0.9144,0.0647,0.0029,0.0086,0.0029,0.9857
2039,0.0675,0.0,0.717,0.2642,0.0189,0.0609,0.8783,0.0,0.0609
2040,0.0675,0.0,0.4,0.5,0.1,0.0,0.4286,0.0,0.5714
2041,0.0675,0.0,0.0209,0.9144,0.0647,0.0029,0.0086,0.0029,0.9857
2042,0.0675,0.0,0.1957,0.6594,0.1449,0.0609,0.8783,0.0,0.0609
2043,0.0675,0.0,0.0209,0.9144,0.0647,0.0093,0.1121,0.0,0.8785
2044,1.0,0.0,0.0,0.0,1.0,0.8684,0.0,0.0,0.1316
2045,0.0675,0.0,0.0209,0.9144,0.0647,0.0,0.4,0.0,0.6
2046,0.0675,0.0,0.0209,0.9144,0.0647,0.0093,0.1121,0.0,0.8785
2047,0.0675,0.0,0.0209,0.9144,0.0647,0.0,0.95,0.0,0.05
2048,0.0675,0.0,0.3226,0.6452,0.0323,0.0,0.4286,0.0,0.5714
2049,0.0675,0.0,0.0209,0.9144,0.0647,0.0029,0.0086,0.0029,0.9857
2050,0.0675,0.0,0.1957,0.6594,0.1449,0.5584,0.1818,0.0,0.2597
2051,0.0675,0.0,0.717,0.2642,0.0189,0.0609,0.8783,0.0,0.0609
2052,0.0675,0.0,0.0209,0.9144,0.0647,0.0093,0.1121,0.0,0.8785
2053,0.0675,0.0,1.0,0.0,0.0,0.0029,0.0086,0.0029,0.9857
2054,0.0675,0.0,0.1957,0.6594,0.1449,0.0609,0.8783,0.0,0.0609
2055,0.0675,0.0,0.0209,0.9144,0.0647,0.0029,0.0086,0.0029,0.9857
2056,0.0675,0.0,0.1957,0.6594,0.1449,0.0609,0.8783,0.0,0.0609
2057,0.0675,0.0,0.4,0.5,0.1,0.0609,0.8783,0.0,0.0609
2058,0.0675,0.0,0.0209,0.9144,0.0647,0.0,0.1406,0.0,0.8594
2059,0.3636,0.0,0.0209,0.9144,0.0647,0.0609,0.8783,0.0,0.0609
2060,0.0119,0.0,0.0209,0.9144,0.0647,0.0,0.1406,0.0,0.8594
2061,0.0675,0.0,0.1957,0.6594,0.1449,0.0609,0.8783,0.0,0.0609
2062,0.0675,0.0,0.1957,0.6594,0.1449,0.5584,0.1818,0.0,0.2597
2063,0.0675,0.0,0.0209,0.9144,0.0647,0.0093,0.1121,0.0,0.8785
2064,0.0057,1.0,0.0209,0.9144,0.0647,0.0029,0.0086,0.0029,0.9857
2065,0.0,0.0,0.1957,0.6594,0.1449,0.0,0.3,0.1,0.6
2066,1.0,0.0,0.0,0.0,1.0,1.0,0.0,0.0,0.0
2067,0.1,1.0,0.3226,0.6452,0.0323,0.0,0.6923,0.2308,0.0769
2068,0.0675,1.0,0.0209,0.9144,0.0647,0.0029,0.0086,0.0029,0.9857
2069,0.0675,0.0,0.1957,0.6594,0.1449,0.0609,0.8783,0.0,0.0609
2070,0.0675,0.0,0.3226,0.6452,0.0323,0.0,0.4286,0.0,0.5714
2071,0.0057,1.0,0.0209,0.9144,0.0647,0.0029,0.0086,0.0029,0.9857
2072,0.8824,1.0,0.0209,0.9144,0.0647,0.0,0.0,0.0,1.0
2073,0.0057,1.0,0.0209,0.9144,0.0647,0.0029,0.0086,0.0029,0.9857
2074,0.8824,0.0,0.0209,0.9144,0.0647,0.0,0.1406,0.0,0.8594
2075,0.0675,0.0,0.1957,0.6594,0.1449,0.5584,0.1818,0.0,0.2597
2076,0.0675,0.0,0.1957,0.6594,0.1449,0.0609,0.8783,0.0,0.0609
2077,0.0675,0.0,0.3226,0.6452,0.0323,0.0,0.4286,0.0,0.5714
2078,0.0675,0.0,0.1957,0.6594,0.1449,0.0609,0.8783,0.0,0.0609
2079,1.0,0.2,0.0,0.0,1.0,0.8684,0.0,0.0,0.1316
2080,0.0675,0.0,0.3226,0.6452,0.0323,0.0609,0.8783,0.0,0.0609
2081,0.0057,1.0,0.0209,0.9144,0.0647,0.5584,0.1818,0.0,0.2597
2082,0.0675,0.0,0.1957,0.6594,0.1449,0.0,0.3,0.1,0.6
2083,0.8824,0.0,0.0209,0.9144,0.0647,0.0,0.1406,0.0,0.8594
2084,0.0675,0.0,0.1957,0.6594,0.1449,0.0609,0.8783,0.0,0.0609
2085,0.0675,0.0,0.717,0.2642,0.0189,0.0029,0.0086,0.0029,0.9857
2086,0.0675,0.0,0.717,0.2642,0.0189,0.0029,0.0086,0.0029,0.9857
2087,0.0675,0.0,0.717,0.2642,0.0189,0.0609,0.8783,0.0,0.0609
2088,0.0675,0.0,0.717,0.2642,0.0189,0.5584,0.1818,0.0,0.2597
2089,0.0675,0.0,0.0209,0.9144,0.0647,0.0609,0.8783,0.0,0.0609
2090,0.0675,0.0,0.0209,0.9144,0.0647,0.0,0.4,0.0,0.6
2091,0.3636,0.0,0.717,0.2642,0.0189,0.0609,0.8783,0.0,0.0609
2092,0.8824,0.0,0.0209,0.9144,0.0647,0.0,0.0,0.0,1.0
2093,0.0675,0.0,0.0209,0.9144,0.0647,0.0093,0.1121,0.0,0.8785
2094,0.0675,0.0,0.0209,0.9144,0.0647,0.0609,0.8783,0.0,0.0609
2095,0.0057,1.0,0.0209,0.9144,0.0647,0.0,0.1406,0.0,0.8594
2096,0.0675,0.0,0.1957,0.6594,0.1449,0.0609,0.8783,0.0,0.0609
2097,0.0057,1.0,0.0209,0.9144,0.0647,0.0029,0.0086,0.0029,0.9857
2098,0.0675,0.0,0.1957,0.6594,0.1449,0.0609,0.8783,0.0,0.0609
2099,0.0675,0.0,0.0209,0.9144,0.0647,0.0,0.1406,0.0,0.8594
2100,1.0,0.0,0.0,0.0,1.0,0.0,0.0,0.0,1.0
2101,0.0675,0.0,0.1957,0.6594,0.1449,0.0,0.3,0.1,0.6
2102,0.0675,1.0,0.0209,0.9144,0.0647,0.0093,0.1121,0.0,0.8785
2103,0.0675,0.0,0.717,0.2642,0.0189,0.0029,0.0086,0.0029,0.9857
2104,0.0675,0.0,0.717,0.2642,0.0189,0.0609,0.8783,0.0,0.0609
2105,0.0675,0.0,0.0209,0.9144,0.0647,0.0029,0.0086,0.0029,0.9857
2106,0.8824,0.0,0.0209,0.9144,0.0647,0.0,0.1406,0.0,0.8594
2107,0.0675,0.0,0.0209,0.9144,0.0647,0.0029,0.0086,0.0029,0.9857
2108,0.0675,0.0,0.0209,0.9144,0.0647,0.0029,0.0086,0.0029,0.9857
2109,0.0675,0.0,0.0209,0.9144,0.0647,0.0,0.1406,0.0,0.8594
2110,0.0675,0.0,0.1957,0.6594,0.1449,0.5584,0.1818,0.0,0.2597
2111,0.0675,0.0,0.2816,0.4434,0.2751,0.5325,0.0,0.1472,0.3203
2112,0.0119,0.0,0.0209,0.9144,0.0647,0.0,0.1406,0.0,0.8594
2113,0.0675,0.0,0.1957,0.6594,0.1449,0.0609,0.8783,0.0,0.0609
2114,0.0675,0.0,0.717,0.2642,0.0189,0.0029,0.0086,0.0029,0.9857
2115,0.0675,0.0,0.6,0.1,0.3,0.0,0.4,0.0,0.6
2116,0.0675,0.0,0.1957,0.6594,0.1449,0.5584,0.1818,0.0,0.2597
2117,0.0675,0.0,0.1957,0.6594,0.1449,0.0609,0.8783,0.0,0.0609
2118,0.0675,0.0,0.0209,0.9144,0.0647,0.0029,0.0086,0.0029,0.9857
2119,0.3636,1.0,0.0209,0.9144,0.0647,0.5584,0.1818,0.0,0.2597
2120,0.0057,1.0,0.0209,0.9144,0.0647,0.0029,0.0086,0.0029,0.9857
2121,0.0675,0.0,0.0209,0.9144,0.0647,0.0,0.1406,0.0,0.8594
2122,0.0675,0.0,0.1957,0.6594,0.1449,0.0609,0.8783,0.0,0.0609
2123,0.0675,0.0,0.717,0.2642,0.0189,0.0029,0.0086,0.0029,0.9857
2124,0.3636,0.0,0.0209,0.9144,0.0647,0.0,0.4,0.0,0.6
2125,0.0675,0.0,0.717,0.2642,0.0189,0.0029,0.0086,0.0029,0.9857
2126,0.0057,1.0,0.0209,0.9144,0.0647,0.0,0.1406,0.0,0.8594
2127,0.3636,0.0,0.0209,0.9144,0.0647,0.0,0.0,0.0,1.0
2128,0.0675,0.0,0.1,0.4,0.5,0.0029,0.0086,0.0029,0.9857
2129,0.0119,0.0,0.0209,0.9144,0.0647,0.0029,0.0086,0.0029,0.9857
2130,0.0675,1.0,0.3226,0.6452,0.0323,0.0,0.4286,0.0,0.5714
2131,0.0675,0.0,0.0209,0.9144,0.0647,0.0,0.1406,0.0,0.8594
2132,0.0675,0.0,0.1957,0.6594,0.1449,0.0609,0.8783,0.0,0.0609
2133,0.0675,0.0,0.0209,0.9144,0.0647,0.0029,0.0086,0.0029,0.9857
2134,0.0675,0.0,0.0209,0.9144,0.0647,0.0029,0.0086,0.0029,0.9857
2135,0.0057,1.0,0.0209,0.9144,0.0647,0.0029,0.0086,0.0029,0.9857
2136,0.0119,0.0,0.1957,0.6594,0.1449,0.0609,0.8783,0.0,0.0609
2137,0.0675,1.0,0.0209,0.9144,0.0647,0.0,0.95,0.0,0.05
2138,0.0119,0.0,0.0209,0.9144,0.0647,0.0,0.1406,0.0,0.8594
2139,0.0675,0.0,0.0209,0.9144,0.0647,0.0029,0.0086,0.0029,0.9857
2140,0.0675,0.0,0.0209,0.9144,0.0647,0.0029,0.0086,0.0029,0.9857
2141,0.3636,0.0,0.1,0.4,0.5,0.5584,0.1818,0.0,0.2597
2142,0.3636,1.0,0.0209,0.9144,0.0647,0.0,0.1406,0.0,0.8594
2143,0.0119,0.2,0.0209,0.9144,0.0647,0.0,0.1406,0.0,0.8594
2144,0.0675,0.0,0.0209,0.9144,0.0647,0.0,0.1406,0.0,0.8594
2145,0.0675,0.0,0.1,0.4,0.5,0.5584,0.1818,0.0,0.2597
2146,0.0675,0.0,0.0209,0.9144,0.0647,0.0029,0.0086,0.0029,0.9857
2147,0.3636,0.0,0.0209,0.9144,0.0647,0.0,0.4,0.0,0.6
2148,0.0119,0.0,0.0209,0.9144,0.0647,0.0,0.1406,0.0,0.8594
2149,0.0057,1.0,0.3226,0.6452,0.0323,0.0,0.0,0.0,1.0
2150,0.0119,1.0,0.0209,0.9144,0.0647,0.0029,0.0086,0.0029,0.9857
2151,0.0675,0.0,0.1957,0.6594,0.1449,0.5584,0.1818,0.0,0.2597
2152,0.3636,0.0,0.0209,0.9144,0.0647,0.0,0.4,0.0,0.6
2153,0.0675,0.0,0.2816,0.4434,0.2751,0.8684,0.0,0.0,0.1316
2154,0.0675,0.0,0.0209,0.9144,0.0647,0.0,0.1406,0.0,0.8594
2155,0.3636,1.0,0.0209,0.9144,0.0647,0.0,0.1406,0.0,0.8594
2156,0.0675,0.0,0.717,0.2642,0.0189,0.5584,0.1818,0.0,0.2597
2157,0.0675,0.0,0.0209,0.9144,0.0647,0.0,0.1406,0.0,0.8594
2158,0.0057,1.0,0.0209,0.9144,0.0647,0.0,0.1406,0.0,0.8594
2159,0.0675,0.0,0.0209,0.9144,0.0647,0.0,0.1406,0.0,0.8594
2160,0.0675,0.0,0.1,0.4,0.5,0.0029,0.0086,0.0029,0.9857
2161,0.0675,0.0,0.0209,0.9144,0.0647,0.0029,0.0086,0.0029,0.9857
2162,0.3636,0.0,0.0209,0.9144,0.0647,0.0,0.4,0.0,0.6
2163,0.0675,0.0,0.0209,0.9144,0.0647,0.0,0.4,0.0,0.6
2164,0.0675,0.2,0.6,0.1,0.3,0.0,0.4,0.0,0.6
2165,0.0675,0.0,0.717,0.2642,0.0189,0.0093,0.1121,0.0,0.8785
2166,0.0675,0.0,0.2816,0.4434,0.2751,0.5325,0.0,0.1472,0.3203
2167,0.0675,0.0,0.0209,0.9144,0.0647,0.0029,0.0086,0.0029,0.9857
2168,0.0119,1.0,0.0209,0.9144,0.0647,0.0,0.1406,0.0,0.8594
2169,0.0675,0.0,0.0,0.0,1.0,0.8684,0.0,0.0,0.1316
2170,0.0675,0.0,0.0209,0.9144,0.0647,0.0,0.1406,0.0,0.8594
2171,0.3636,0.2,0.0209,0.9144,0.0647,0.0029,0.0086,0.0029,0.9857
2172,0.3636,0.0,0.1,0.4,0.5,0.0609,0.8783,0.0,0.0609
2173,0.3636,1.0,0.0209,0.9144,0.0647,0.0,0.1406,0.0,0.8594
2175,0.0057,1.0,0.0209,0.9144,0.0647,0.0093,0.1121,0.0,0.8785
2176,0.0675,0.0,0.1957,0.6594,0.1449,0.5584,0.1818,0.0,0.2597
2177,0.8824,0.0,0.0209,0.9144,0.0647,0.0,0.1406,0.0,0.8594
2178,0.3636,0.0,0.0209,0.9144,0.0647,0.0,0.1406,0.0,0.8594
2179,0.3636,0.0,0.0209,0.9144,0.0647,0.0,0.1406,0.0,0.8594
2180,0.0119,1.0,0.0209,0.9144,0.0647,0.0029,0.0086,0.0029,0.9857
2181,0.0675,0.0,0.1,0.4,0.5,0.5584,0.1818,0.0,0.2597
2183,0.0675,0.0,0.1,0.4,0.5,0.0609,0.8783,0.0,0.0609
2184,0.0675,0.0,0.1957,0.6594,0.1449,0.5584,0.1818,0.0,0.2597
2185,0.0675,0.0,0.1,0.4,0.5,0.5584,0.1818,0.0,0.2597
2186,0.0057,1.0,0.0209,0.9144,0.0647,0.0,0.1406,0.0,0.8594
2187,0.0675,0.0,0.1,0.4,0.5,0.5584,0.1818,0.0,0.2597
2188,0.0675,0.0,0.0209,0.9144,0.0647,0.0,0.4,0.0,0.6
2189,0.0119,0.0,0.6,0.1,0.3,0.5584,0.1818,0.0,0.2597
2190,0.0675,0.0,0.0209,0.9144,0.0647,0.0,0.4,0.0,0.6
2191,0.0119,1.0,0.0209,0.9144,0.0647,0.0029,0.0086,0.0029,0.9857
2192,0.0675,0.0,0.0209,0.9144,0.0647,0.0029,0.0086,0.0029,0.9857
2193,0.0675,0.0,0.0209,0.9144,0.0647,0.0,0.1406,0.0,0.8594
2194,0.0675,0.0,0.0209,0.9144,0.0647,0.0609,0.8783,0.0,0.0609
2195,0.0675,0.0,0.0209,0.9144,0.0647,0.0,0.95,0.0,0.05
2196,0.0119,0.0,0.0209,0.9144,0.0647,0.0,0.1406,0.0,0.8594
2197,0.0057,1.0,0.0209,0.9144,0.0647,0.0,0.1406,0.0,0.8594
2198,0.0675,0.0,0.0209,0.9144,0.0647,0.0609,0.8783,0.0,0.0609
2199,0.3636,0.0,0.0209,0.9144,0.0647,0.0,0.1406,0.0,0.8594
2200,0.0675,0.0,0.1957,0.6594,0.1449,0.5584,0.1818,0.0,0.2597
2201,0.0675,0.0,0.1,0.4,0.5,0.5584,0.1818,0.0,0.2597
2202,0.0675,0.2,0.0209,0.9144,0.0647,0.0,0.4,0.0,0.6
2203,0.0675,0.0,0.0209,0.9144,0.0647,0.0,0.1406,0.0,0.8594
2204,0.0057,1.0,0.3226,0.6452,0.0323,0.0,0.1406,0.0,0.8594
2205,0.0675,0.0,0.1957,0.6594,0.1449,0.5584,0.1818,0.0,0.2597
2206,0.0675,0.0,0.0209,0.9144,0.0647,0.0093,0.1121,0.0,0.8785
2207,0.0119,0.0,0.0,0.0,1.0,0.0,0.0,0.0,1.0
2208,0.0675,0.0,0.0209,0.9144,0.0647,0.0,0.1406,0.0,0.8594
2209,0.0675,0.0,0.1957,0.6594,0.1449,0.5584,0.1818,0.0,0.2597
2210,0.0675,0.0,0.0209,0.9144,0.0647,0.0029,0.0086,0.0029,0.9857
2211,0.0675,0.0,0.1957,0.6594,0.1449,0.5584,0.1818,0.0,0.2597
2212,0.0675,0.0,0.1,0.4,0.5,0.0609,0.8783,0.0,0.0609
2213,0.0057,1.0,0.0209,0.9144,0.0647,0.0029,0.0086,0.0029,0.9857
2214,0.0119,0.0,0.6,0.1,0.3,0.0,0.4,0.0,0.6
2215,0.0675,0.0,0.0209,0.9144,0.0647,0.0,0.1406,0.0,0.8594
2216,0.0675,1.0,0.0209,0.9144,0.0647,0.0093,0.1121,0.0,0.8785
2217,0.3636,0.0,0.1,0.4,0.5,0.0609,0.8783,0.0,0.0609
2218,0.0675,0.0,0.3226,0.6452,0.0323,0.0,0.4286,0.0,0.5714
2219,0.0675,0.0,0.1,0.4,0.5,0.5584,0.1818,0.0,0.2597
2220,0.3636,1.0,0.0209,0.9144,0.0647,0.0,0.1406,0.0,0.8594
2221,0.0675,0.0,0.1,0.4,0.5,0.0609,0.8783,0.0,0.0609
2222,0.0675,0.2,0.6,0.1,0.3,0.0,0.4,0.0,0.6
2223,0.0675,1.0,0.0209,0.9144,0.0647,0.0,0.95,0.0,0.05
2224,0.0675,0.0,0.3226,0.6452,0.0323,0.0609,0.8783,0.0,0.0609
2225,0.0675,0.0,0.0209,0.9144,0.0647,0.0029,0.0086,0.0029,0.9857
2226,0.0119,1.0,0.0209,0.9144,0.0647,0.0029,0.0086,0.0029,0.9857
2227,0.0675,0.0,0.717,0.2642,0.0189,0.5584,0.1818,0.0,0.2597
2228,0.1,1.0,0.3226,0.6452,0.0323,0.0,0.6923,0.2308,0.0769
2229,0.0675,0.0,0.0209,0.9144,0.0647,0.0029,0.0086,0.0029,0.9857
2230,0.0675,0.0,0.6,0.1,0.3,0.5584,0.1818,0.0,0.2597
2231,0.0675,0.0,0.1957,0.6594,0.1449,0.5584,0.1818,0.0,0.2597
2232,1.0,0.0,0.0,0.0,1.0,0.0,0.0,0.0,1.0
2233,0.0675,1.0,0.0209,0.9144,0.0647,0.0093,0.1121,0.0,0.8785
2234,0.0675,0.0,0.1957,0.6594,0.1449,0.5584,0.1818,0.0,0.2597
2235,0.0675,0.0,0.3226,0.6452,0.0323,0.5584,0.1818,0.0,0.2597
2236,0.0675,0.0,0.3226,0.6452,0.0323,0.0029,0.0086,0.0029,0.9857
2237,0.0675,0.0,0.0,0.0,1.0,0.0,0.4286,0.0,0.5714
2238,0.0675,0.0,0.1,0.4,0.5,0.0609,0.8783,0.0,0.0609
2239,0.8824,0.0,0.0209,0.9144,0.0647,0.0,0.1406,0.0,0.8594
2240,0.0675,0.0,0.0209,0.9144,0.0647,0.0,0.1406,0.0,0.8594
2241,0.0675,0.0,0.1,0.4,0.5,0.5584,0.1818,0.0,0.2597
2243,0.0675,0.0,0.0209,0.9144,0.0647,0.0609,0.8783,0.0,0.0609
2244,0.0675,0.0,0.0209,0.9144,0.0647,0.0,0.1406,0.0,0.8594
2245,0.0057,1.0,0.0209,0.9144,0.0647,0.0,0.1406,0.0,0.8594
2246,0.0675,0.0,0.6,0.1,0.3,0.5584,0.1818,0.0,0.2597
2247,0.0675,0.0,0.0209,0.9144,0.0647,0.0029,0.0086,0.0029,0.9857
2248,0.0675,0.0,0.0209,0.9144,0.0647,0.0,0.4,0.0,0.6
2249,0.0675,0.0,0.3226,0.6452,0.0323,0.0,0.4286,0.0,0.5714
2250,0.0675,0.0,0.0209,0.9144,0.0647,0.0029,0.0086,0.0029,0.9857
2251,0.0,0.8462,0.3226,0.6452,0.0323,0.0,0.4286,0.0,0.5714
2252,0.0675,0.0,0.6,0.1,0.3,0.5584,0.1818,0.0,0.2597
2253,0.0675,0.0,0.0209,0.9144,0.0647,0.0,0.1406,0.0,0.8594
2254,0.8824,0.0,0.0209,0.9144,0.0647,0.0,0.1406,0.0,0.8594
2255,0.0675,0.0,0.0209,0.9144,0.0647,0.0029,0.0086,0.0029,0.9857
2256,0.0675,0.0,0.1957,0.6594,0.1449,0.0609,0.8783,0.0,0.0609
2257,0.8824,0.0,0.0209,0.9144,0.0647,0.0,0.1406,0.0,0.8594
2258,0.0057,1.0,0.0209,0.9144,0.0647,0.0029,0.0086,0.0029,0.9857
2259,0.0675,0.0,0.1957,0.6594,0.1449,0.0609,0.8783,0.0,0.0609
2260,0.3636,0.0,0.0209,0.9144,0.0647,0.0,0.1406,0.0,0.8594
2261,0.0675,0.0,0.1957,0.6594,0.1449,0.5584,0.1818,0.0,0.2597
2262,0.0675,0.0,0.0209,0.9144,0.0647,0.0,0.1406,0.0,0.8594
2263,0.0675,0.0,0.0209,0.9144,0.0647,0.0,0.1406,0.0,0.8594
2264,0.0675,0.0,0.0209,0.9144,0.0647,0.0609,0.8783,0.0,0.0609
2265,0.0675,0.0,0.0209,0.9144,0.0647,0.0,0.1406,0.0,0.8594
2266,0.0119,0.0,0.0209,0.9144,0.0647,0.0,0.1406,0.0,0.8594
2267,0.0675,0.0,0.1957,0.6594,0.1449,0.5584,0.1818,0.0,0.2597
2268,0.0675,0.0,0.4,0.5,0.1,0.0,0.95,0.0,0.05
2269,0.0675,0.0,0.1957,0.6594,0.1449,0.0609,0.8783,0.0,0.0609
2270,0.0057,1.0,0.0209,0.9144,0.0647,0.0029,0.0086,0.0029,0.9857
2271,0.0675,0.2,0.6,0.1,0.3,0.5584,0.1818,0.0,0.2597
2272,0.0675,0.0,0.0209,0.9144,0.0647,0.0,0.4,0.0,0.6
2273,0.0675,0.0,0.1957,0.6594,0.1449,0.5584,0.1818,0.0,0.2597
2274,0.3636,0.0,0.0209,0.9144,0.0647,0.0,0.1406,0.0,0.8594
2275,0.0675,0.0,0.2816,0.4434,0.2751,0.5325,0.0,0.1472,0.3203
2276,0.0675,0.0,0.0209,0.9144,0.0647,0.0029,0.0086,0.0029,0.9857
2277,0.3636,0.0,0.0209,0.9144,0.0647,0.0,0.1406,0.0,0.8594
2278,0.0119,1.0,0.0209,0.9144,0.0647,0.0029,0.0086,0.0029,0.9857
2279,0.0675,0.0,0.2816,0.4434,0.2751,0.8684,0.0,0.0,0.1316
2280,0.0119,1.0,0.0,0.0,1.0,0.0,0.1406,0.0,0.8594
2281,0.0057,1.0,0.0209,0.9144,0.0647,0.0,0.1406,0.0,0.8594
2282,0.0675,0.0,0.0209,0.9144,0.0647,0.0029,0.0086,0.0029,0.9857
2283,0.0675,0.0,0.2816,0.4434,0.2751,0.8684,0.0,0.0,0.1316
2284,0.0675,0.0,0.6,0.1,0.3,0.5584,0.1818,0.0,0.2597
2285,0.0675,0.0,0.1957,0.6594,0.1449,0.0609,0.8783,0.0,0.0609
2286,0.0675,0.0,0.0209,0.9144,0.0647,0.0029,0.0086,0.0029,0.9857
2287,0.0675,0.0,0.6,0.1,0.3,0.5584,0.1818,0.0,0.2597
2288,0.0675,0.0,0.1957,0.6594,0.1449,0.5584,0.1818,0.0,0.2597
2289,0.0675,0.0,0.1,0.4,0.5,0.0609,0.8783,0.0,0.0609
2290,0.92,1.0,0.0,0.0,1.0,0.1,0.0,0.9,0.0
2291,0.0675,0.0,0.717,0.2642,0.0189,0.0609,0.8783,0.0,0.0609
2292,0.0675,0.0,0.0209,0.9144,0.0647,0.0,0.1406,0.0,0.8594
2293,1.0,0.0,0.0,0.0,1.0,0.5325,0.0,0.1472,0.3203
2294,0.0057,1.0,0.3226,0.6452,0.0323,0.0029,0.0086,0.0029,0.9857
2295,0.0119,0.0,0.1,0.4,0.5,0.5584,0.1818,0.0,0.2597
2296,0.0675,0.0,0.1,0.4,0.5,0.5584,0.1818,0.0,0.2597
2297,0.0675,0.0,0.0209,0.9144,0.0647,0.0093,0.1121,0.0,0.8785
2298,0.0119,0.0,0.0209,0.9144,0.0647,0.0,0.1406,0.0,0.8594
2299,0.0675,0.0,0.0,0.0,1.0,0.5584,0.1818,0.0,0.2597
2300,0.3636,0.0,0.0209,0.9144,0.0647,0.0,0.1406,0.0,0.8594
2301,0.0675,0.0,0.0209,0.9144,0.0647,0.0,0.1406,0.0,0.8594
2302,0.0675,0.0,0.0209,0.9144,0.0647,0.0093,0.1121,0.0,0.8785
2303,0.0675,0.0,0.0209,0.9144,0.0647,0.0029,0.0086,0.0029,0.9857
2304,0.0675,0.0,0.1957,0.6594,0.1449,0.5584,0.1818,0.0,0.2597
2305,0.0675,1.0,0.3226,0.6452,0.0323,0.0,0.4286,0.0,0.5714
2307,0.0057,1.0,0.0209,0.9144,0.0647,0.0,0.1406,0.0,0.8594
2308,0.0057,1.0,0.0209,0.9144,0.0647,0.0,0.1406,0.0,0.8594
2309,0.0675,0.0,0.0209,0.9144,0.0647,0.0029,0.0086,0.0029,0.9857
2310,0.0675,0.0,0.0209,0.9144,0.0647,0.0093,0.1121,0.0,0.8785
2311,0.0057,1.0,0.3226,0.6452,0.0323,0.0,0.6923,0.2308,0.0769
2312,0.8824,0.0,0.0209,0.9144,0.0647,0.0,0.0,0.0,1.0
2313,0.0675,0.0,0.0209,0.9144,0.0647,0.0,0.1406,0.0,0.8594
2314,0.0675,0.0,0.1,0.4,0.5,0.0609,0.8783,0.0,0.0609
2315,0.3636,0.0,0.6,0.1,0.3,0.0,0.4,0.0,0.6
2316,0.0675,0.0,0.0209,0.9144,0.0647,0.0609,0.8783,0.0,0.0609
2317,0.0675,0.0,0.0209,0.9144,0.0647,0.0,0.1406,0.0,0.8594
2318,0.0675,0.0,0.0209,0.9144,0.0647,0.0029,0.0086,0.0029,0.9857
2319,0.0675,0.0,0.0209,0.9144,0.0647,0.0029,0.0086,0.0029,0.9857
2320,0.0119,0.0,0.0,0.0,1.0,0.5584,0.1818,0.0,0.2597
2321,0.0675,0.0,0.0209,0.9144,0.0647,0.0,0.1406,0.0,0.8594
2322,0.0675,0.0,0.1957,0.6594,0.1449,0.5584,0.1818,0.0,0.2597
2323,0.0119,0.0,0.0209,0.9144,0.0647,0.0,0.1406,0.0,0.8594
2324,0.0675,0.0,0.0209,0.9144,0.0647,0.0029,0.0086,0.0029,0.9857
2325,0.0675,0.2,0.2816,0.4434,0.2751,1.0,0.0,0.0,0.0
2326,0.0675,0.0,0.3226,0.6452,0.0323,0.0609,0.8783,0.0,0.0609
2327,0.0675,0.0,0.0209,0.9144,0.0647,0.0093,0.1121,0.0,0.8785
2328,0.0675,0.0,0.0209,0.9144,0.0647,0.0,0.1406,0.0,0.8594
2329,0.8824,0.2,0.0209,0.9144,0.0647,0.0,0.1406,0.0,0.8594
2330,0.0675,0.0,0.0209,0.9144,0.0647,0.0029,0.0086,0.0029,0.9857
2331,0.0675,0.0,0.0209,0.9144,0.0647,0.0029,0.0086,0.0029,0.9857
2332,0.0675,0.0,0.0209,0.9144,0.0647,0.0609,0.8783,0.0,0.0609
2333,0.8824,0.0,0.0209,0.9144,0.0647,0.0,0.1406,0.0,0.8594
2334,0.0675,0.0,0.717,0.2642,0.0189,0.0609,0.8783,0.0,0.0609
2335,0.3636,0.0,0.0209,0.9144,0.0647,0.0,0.4,0.0,0.6
2336,0.0675,0.0,0.0209,0.9144,0.0647,0.0029,0.0086,0.0029,0.9857
2337,0.0,0.8462,0.3226,0.6452,0.0323,0.5584,0.1818,0.0,0.2597
2338,0.0675,0.0,0.0209,0.9144,0.0647,0.0029,0.0086,0.0029,0.9857
2339,0.8824,0.0,0.0209,0.9144,0.0647,0.0,0.1406,0.0,0.8594
2340,0.0675,0.0,0.0209,0.9144,0.0647,0.0,0.1406,0.0,0.8594
2341,0.0675,0.0,0.0209,0.9144,0.0647,0.0093,0.1121,0.0,0.8785
2342,0.0675,0.0,0.3226,0.6452,0.0323,0.5584,0.1818,0.0,0.2597
2343,0.0675,0.0,0.0209,0.9144,0.0647,0.0093,0.1121,0.0,0.8785
2344,0.0675,0.0,0.717,0.2642,0.0189,0.5584,0.1818,0.0,0.2597
2345,0.0675,0.0,0.0209,0.9144,0.0647,0.0,0.1406,0.0,0.8594
2346,0.0057,1.0,0.0209,0.9144,0.0647,0.0093,0.1121,0.0,0.8785
2347,0.0675,0.0,0.717,0.2642,0.0189,0.5584,0.1818,0.0,0.2597
2348,0.0675,0.0,0.1,0.4,0.5,0.0609,0.8783,0.0,0.0609
2349,0.0675,0.0,0.0209,0.9144,0.0647,0.0,0.1406,0.0,0.8594
2350,0.0119,0.0,0.0209,0.9144,0.0647,0.0093,0.1121,0.0,0.8785
2351,0.0057,1.0,0.0209,0.9144,0.0647,0.0029,0.0086,0.0029,0.9857
2352,0.8824,0.0,0.0209,0.9144,0.0647,0.0,0.1406,0.0,0.8594
2353,0.0675,0.0,0.0209,0.9144,0.0647,0.0,0.1406,0.0,0.8594
2354,0.0675,0.0,0.1957,0.6594,0.1449,0.5584,0.1818,0.0,0.2597
2355,0.0675,0.0,0.3226,0.6452,0.0323,0.0,0.4286,0.0,0.5714
2356,0.0675,0.0,0.0209,0.9144,0.0647,0.0093,0.1121,0.0,0.8785
2357,0.0675,0.0,0.0209,0.9144,0.0647,0.0093,0.1121,0.0,0.8785
2358,0.0675,0.0,0.1957,0.6594,0.1449,0.0609,0.8783,0.0,0.0609
2359,0.0675,0.0,0.0209,0.9144,0.0647,0.0093,0.1121,0.0,0.8785
2360,0.0675,0.0,0.3226,0.6452,0.0323,0.0,0.4286,0.0,0.5714
2361,0.8824,0.0,0.0209,0.9144,0.0647,0.0,0.1406,0.0,0.8594
2362,0.0675,0.0,0.1957,0.6594,0.1449,0.0609,0.8783,0.0,0.0609
2363,0.0675,0.0,0.1,0.4,0.5,0.5584,0.1818,0.0,0.2597
2364,0.0119,0.0,0.717,0.2642,0.0189,0.0029,0.0086,0.0029,0.9857
2365,0.0675,0.0,0.717,0.2642,0.0189,0.5584,0.1818,0.0,0.2597
2366,0.0675,0.0,0.0209,0.9144,0.0647,0.0,0.4,0.0,0.6
2367,0.0057,1.0,0.0209,0.9144,0.0647,0.0029,0.0086,0.0029,0.9857
2368,0.0675,0.0,0.717,0.2642,0.0189,0.0029,0.0086,0.0029,0.9857
2369,0.0675,0.0,0.1,0.4,0.5,0.0609,0.8783,0.0,0.0609
2370,0.0675,0.0,0.717,0.2642,0.0189,0.0029,0.0086,0.0029,0.9857
2371,0.0675,0.0,0.0209,0.9144,0.0647,0.0093,0.1121,0.0,0.8785
2372,0.0675,0.0,0.1957,0.6594,0.1449,0.5584,0.1818,0.0,0.2597
2373,0.0675,0.0,0.1957,0.6594,0.1449,0.5584,0.1818,0.0,0.2597
2374,0.0675,0.0,0.6,0.1,0.3,0.0609,0.8783,0.0,0.0609
2375,0.8824,0.0,0.0,0.0,1.0,0.0,0.0,0.0,1.0
2376,0.0675,0.0,0.0209,0.9144,0.0647,0.0,0.4,0.0,0.6
2377,0.0675,0.0,0.0209,0.9144,0.0647,0.0,0.4,0.0,0.6
2378,0.0675,0.0,0.1,0.4,0.5,0.5584,0.1818,0.0,0.2597
2379,0.0675,0.0,0.717,0.2642,0.0189,0.0,0.0,0.0,1.0
2380,0.0675,0.0,0.0209,0.9144,0.0647,0.0093,0.1121,0.0,0.8785
2381,0.0675,1.0,0.2816,0.4434,0.2751,0.1,0.0,0.9,0.0
2382,0.0675,0.0,0.1957,0.6594,0.1449,0.0609,0.8783,0.0,0.0609
2383,0.0675,0.2,0.0,0.0,1.0,0.0,0.1406,0.0,0.8594
2384,0.0675,0.0,0.0209,0.9144,0.0647,0.0093,0.1121,0.0,0.8785
2385,0.0675,0.0,0.4,0.5,0.1,0.0,0.4286,0.0,0.5714
2386,0.0057,1.0,0.0209,0.9144,0.0647,0.0029,0.0086,0.0029,0.9857
2387,0.0119,0.8462,0.0301,0.0542,0.9157,1.0,0.0,0.0,0.0
2388,0.0675,0.0,0.0209,0.9144,0.0647,0.0,0.1406,0.0,0.8594
2389,0.0675,0.0,0.1957,0.6594,0.1449,0.0609,0.8783,0.0,0.0609
2390,0.0675,0.0,0.6,0.1,0.3,0.0609,0.8783,0.0,0.0609
2391,0.0675,0.0,0.0209,0.9144,0.0647,0.0093,0.1121,0.0,0.8785
2392,0.0675,0.0,0.0209,0.9144,0.0647,0.0,0.95,0.0,0.05
2393,0.0675,0.0,0.717,0.2642,0.0189,0.0029,0.0086,0.0029,0.9857
2394,0.0675,0.0,0.3226,0.6452,0.0323,0.0,0.4286,0.0,0.5714
2395,0.0675,0.0,0.1,0.4,0.5,0.5584,0.1818,0.0,0.2597
2396,0.0675,0.0,0.1957,0.6594,0.1449,0.0609,0.8783,0.0,0.0609
2397,0.0675,0.0,0.0209,0.9144,0.0647,0.0029,0.0086,0.0029,0.9857
2398,0.0675,0.0,0.1957,0.6594,0.1449,0.5584,0.1818,0.0,0.2597
2399,0.0675,0.0,0.1,0.4,0.5,0.5584,0.1818,0.0,0.2597
2400,0.0119,0.0,0.717,0.2642,0.0189,0.0029,0.0086,0.0029,0.9857
2401,0.0675,0.0,0.0209,0.9144,0.0647,0.0,0.1406,0.0,0.8594
2402,0.0057,1.0,0.0209,0.9144,0.0647,0.0029,0.0086,0.0029,0.9857
2403,0.0675,0.0,0.0209,0.9144,0.0647,0.0093,0.1121,0.0,0.8785
2404,0.0675,0.0,0.0209,0.9144,0.0647,0.0029,0.0086,0.0029,0.9857
2405,0.8824,0.0,0.0209,0.9144,0.0647,0.0,0.1406,0.0,0.8594
2406,0.0057,1.0,0.0209,0.9144,0.0647,0.0093,0.1121,0.0,0.8785
2407,0.0675,0.0,0.1957,0.6594,0.1449,0.5584,0.1818,0.0,0.2597
2408,0.0675,1.0,0.0209,0.9144,0.0647,0.0029,0.0086,0.0029,0.9857
2409,0.0675,0.0,0.0209,0.9144,0.0647,0.0,0.1406,0.0,0.8594
2410,0.0675,0.0,0.1,0.4,0.5,0.5584,0.1818,0.0,0.2597
2411,0.3636,0.0,0.0209,0.9144,0.0647,0.0,0.1406,0.0,0.8594
2412,0.0675,0.0,0.0209,0.9144,0.0647,0.0,0.1406,0.0,0.8594
2413,0.0057,1.0,0.0209,0.9144,0.0647,0.0093,0.1121,0.0,0.8785
2414,0.0675,0.0,0.1957,0.6594,0.1449,0.0609,0.8783,0.0,0.0609
2415,0.0675,0.0,0.717,0.2642,0.0189,0.0609,0.8783,0.0,0.0609
2416,1.0,1.0,0.0,0.0,1.0,0.8684,0.0,0.0,0.1316
2417,0.0675,0.0,0.0209,0.9144,0.0647,0.0093,0.1121,0.0,0.8785
2418,0.3636,0.0,0.0209,0.9144,0.0647,0.0,0.1406,0.0,0.8594
2419,0.0675,0.0,0.0209,0.9144,0.0647,0.0,0.1406,0.0,0.8594
2420,0.0675,0.0,0.717,0.2642,0.0189,0.0609,0.8783,0.0,0.0609
2421,0.0675,0.0,0.0209,0.9144,0.0647,0.0,0.4,0.0,0.6
2422,0.0675,0.0,0.0209,0.9144,0.0647,0.0029,0.0086,0.0029,0.9857
2423,0.0675,0.0,0.1957,0.6594,0.1449,0.5584,0.1818,0.0,0.2597
2424,0.0675,0.0,0.717,0.2642,0.0189,0.0609,0.8783,0.0,0.0609
2425,0.0675,0.0,0.1957,0.6594,0.1449,0.5584,0.1818,0.0,0.2597
2426,0.125,0.0,0.0,0.0,1.0,0.0,0.0,0.0,1.0
2427,0.0057,0.8462,0.0209,0.9144,0.0647,0.0,0.1406,0.0,0.8594
2429,0.0675,0.0,0.6,0.1,0.3,0.0609,0.8783,0.0,0.0609
2430,0.125,0.0,0.0,0.0,1.0,0.0,0.0,0.0,1.0
2431,0.0675,0.0,0.3226,0.6452,0.0323,0.5584,0.1818,0.0,0.2597
2432,0.0675,0.0,0.0209,0.9144,0.0647,0.0,0.1406,0.0,0.8594
2433,0.0675,0.0,0.0209,0.9144,0.0647,0.0029,0.0086,0.0029,0.9857
2434,0.0675,0.0,0.0209,0.9144,0.0647,0.0029,0.0086,0.0029,0.9857
2435,0.3636,0.0,0.0209,0.9144,0.0647,0.0,0.4,0.0,0.6
2436,0.0057,1.0,0.0209,0.9144,0.0647,0.0,0.1406,0.0,0.8594
2437,0.3636,0.0,0.0209,0.9144,0.0647,0.0,0.1406,0.0,0.8594
2438,0.0675,1.0,0.3226,0.6452,0.0323,0.0,0.4286,0.0,0.5714
2439,0.0675,0.0,0.0209,0.9144,0.0647,0.0029,0.0086,0.0029,0.9857
2440,0.0675,0.0,0.0209,0.9144,0.0647,0.0029,0.0086,0.0029,0.9857
2441,0.0119,0.0,0.6,0.1,0.3,0.5584,0.1818,0.0,0.2597
2442,0.0675,0.0,0.0209,0.9144,0.0647,0.0029,0.0086,0.0029,0.9857
2443,0.0675,0.0,0.717,0.2642,0.0189,0.0609,0.8783,0.0,0.0609
2444,0.8824,0.4545,0.0209,0.9144,0.0647,0.0,0.1406,0.0,0.8594
2445,0.0675,0.0,0.0209,0.9144,0.0647,0.0093,0.1121,0.0,0.8785
2446,0.3636,0.0,0.0209,0.9144,0.0647,0.0,0.1406,0.0,0.8594
2447,0.3636,1.0,0.0209,0.9144,0.0647,0.0093,0.1121,0.0,0.8785
2448,0.0675,0.0,0.1957,0.6594,0.1449,0.5584,0.1818,0.0,0.2597
2449,0.0675,0.0,0.1957,0.6594,0.1449,0.0609,0.8783,0.0,0.0609
2450,0.0675,0.0,0.3226,0.6452,0.0323,0.0,0.4286,0.0,0.5714
2451,0.0675,0.0,0.717,0.2642,0.0189,0.0609,0.8783,0.0,0.0609
2452,0.0675,0.0,0.3226,0.6452,0.0323,0.0,0.4286,0.0,0.5714
2453,0.0675,0.0,0.2816,0.4434,0.2751,0.5325,0.0,0.1472,0.3203
2454,0.0675,0.0,0.1,0.4,0.5,0.5584,0.1818,0.0,0.2597
2455,0.0675,0.0,0.0209,0.9144,0.0647,0.0,0.1406,0.0,0.8594
2456,0.0675,0.0,0.0209,0.9144,0.0647,0.0093,0.1121,0.0,0.8785
2457,0.0675,0.0,0.0209,0.9144,0.0647,0.0029,0.0086,0.0029,0.9857
2458,0.0675,0.0,0.3226,0.6452,0.0323,0.0609,0.8783,0.0,0.0609
2459,0.0675,1.0,0.3226,0.6452,0.0323,0.0,0.4286,0.0,0.5714
2460,0.0675,1.0,0.3226,0.6452,0.0323,0.0,0.4286,0.0,0.5714
2461,0.0675,0.0,0.0209,0.9144,0.0647,0.0,0.1406,0.0,0.8594
2462,0.0119,0.0,0.0209,0.9144,0.0647,0.0,0.1406,0.0,0.8594
2463,0.0119,1.0,0.0209,0.9144,0.0647,0.0093,0.1121,0.0,0.8785
2464,0.0057,1.0,0.0209,0.9144,0.0647,0.0029,0.0086,0.0029,0.9857
2465,0.0675,0.0,0.1957,0.6594,0.1449,0.0,0.4286,0.0,0.5714
2466,0.125,0.0,0.0,0.0,1.0,0.0,0.0,0.0,1.0
2467,0.0675,0.0,0.1957,0.6594,0.1449,0.5584,0.1818,0.0,0.2597
2468,0.0675,0.0,0.0209,0.9144,0.0647,0.0029,0.0086,0.0029,0.9857
2469,0.0675,0.0,0.1957,0.6594,0.1449,0.5584,0.1818,0.0,0.2597
2470,0.0675,0.0,0.717,0.2642,0.0189,0.0029,0.0086,0.0029,0.9857
2471,0.0675,0.0,0.1957,0.6594,0.1449,0.0,0.0,0.0,1.0
2472,0.0675,0.0,0.0209,0.9144,0.0647,0.0,0.1406,0.0,0.8594
2473,0.0675,0.0,0.717,0.2642,0.0189,0.5584,0.1818,0.0,0.2597
2474,0.0675,0.0,0.0209,0.9144,0.0647,0.0,0.1406,0.0,0.8594
2475,0.0675,0.0,0.0209,0.9144,0.0647,0.0029,0.0086,0.0029,0.9857
2476,0.0675,0.0,0.3226,0.6452,0.0323,0.0,0.4286,0.0,0.5714
2477,0.0675,0.0,0.1957,0.6594,0.1449,0.5584,0.1818,0.0,0.2597
2478,0.0675,0.0,0.0209,0.9144,0.0647,0.0093,0.1121,0.0,0.8785
2479,0.8824,0.0,1.0,0.0,0.0,0.0,0.0,0.0,1.0
2480,0.0675,0.0,0.1957,0.6594,0.1449,0.0609,0.8783,0.0,0.0609
2481,0.0675,0.0,0.717,0.2642,0.0189,0.0609,0.8783,0.0,0.0609
2482,0.0119,1.0,0.0209,0.9144,0.0647,0.0029,0.0086,0.0029,0.9857
2483,0.0675,0.0,0.717,0.2642,0.0189,0.0609,0.8783,0.0,0.0609
2484,0.0675,0.0,0.0209,0.9144,0.0647,0.0,0.1406,0.0,0.8594
2485,0.0,1.0,0.3226,0.6452,0.0323,0.0,0.6923,0.2308,0.0769
2486,0.0057,1.0,0.0209,0.9144,0.0647,0.0029,0.0086,0.0029,0.9857
2487,0.0675,1.0,0.0209,0.9144,0.0647,0.0093,0.1121,0.0,0.8785
2488,0.0675,0.0,0.717,0.2642,0.0189,0.0029,0.0086,0.0029,0.9857
2489,0.0675,0.0,0.0209,0.9144,0.0647,0.0,0.0,0.0,1.0
2490,0.0675,0.0,0.717,0.2642,0.0189,0.0029,0.0086,0.0029,0.9857
2491,0.0675,0.0,0.1957,0.6594,0.1449,0.0609,0.8783,0.0,0.0609
2492,0.0675,0.0,0.1957,0.6594,0.1449,0.0609,0.8783,0.0,0.0609
2493,0.0675,0.0,0.1,0.4,0.5,0.5584,0.1818,0.0,0.2597
2494,0.0675,0.0,0.1957,0.6594,0.1449,0.0,0.3,0.1,0.6
2495,0.0675,0.0,0.0209,0.9144,0.0647,0.0,0.95,0.0,0.05
2496,0.0675,1.0,0.6,0.1,0.3,0.5584,0.1818,0.0,0.2597
2497,0.0675,0.0,0.1957,0.6594,0.1449,0.0609,0.8783,0.0,0.0609
2498,0.0675,0.0,0.0209,0.9144,0.0647,0.0029,0.0086,0.0029,0.9857
2499,0.0675,1.0,0.0209,0.9144,0.0647,0.0029,0.0086,0.0029,0.9857
2500,0.0675,0.0,0.0209,0.9144,0.0647,0.0093,0.1121,0.0,0.8785
2501,0.0119,0.0,0.0209,0.9144,0.0647,0.0,0.1406,0.0,0.8594
2502,0.3636,0.0,0.0209,0.9144,0.0647,0.0,0.4,0.0,0.6
2503,0.0,0.0,0.0,0.0,1.0,0.6,0.0,0.0,0.4
2504,0.0675,0.0,0.717,0.2642,0.0189,0.0029,0.0086,0.0029,0.9857
2505,0.0675,0.0,0.717,0.2642,0.0189,0.0029,0.0086,0.0029,0.9857
2506,0.0057,1.0,0.0209,0.9144,0.0647,0.0029,0.0086,0.0029,0.9857
2507,0.0675,0.0,0.1,0.0,0.9,0.5325,0.0,0.1472,0.3203
2508,0.0675,0.0,0.717,0.2642,0.0189,0.0,0.3,0.1,0.6
2509,0.0675,0.0,0.0209,0.9144,0.0647,0.0,0.1406,0.0,0.8594
2510,0.0675,0.0,0.1957,0.6594,0.1449,0.5584,0.1818,0.0,0.2597
2511,0.8824,0.0,0.0,0.0,1.0,0.0,0.0,0.0,1.0
2512,0.0675,0.0,0.0209,0.9144,0.0647,0.0609,0.8783,0.0,0.0609
2513,0.0675,0.0,0.0209,0.9144,0.0647,0.0029,0.0086,0.0029,0.9857
2514,0.0057,0.0,0.0,0.0,1.0,1.0,0.0,0.0,0.0
2515,0.0675,0.4545,0.6,0.1,0.3,0.0609,0.8783,0.0,0.0609
2516,0.0675,0.0,0.1957,0.6594,0.1449,0.0,0.3,0.1,0.6
2517,0.0675,0.0,0.717,0.2642,0.0189,0.0029,0.0086,0.0029,0.9857
2518,0.0675,0.0,0.1957,0.6594,0.1449,0.0609,0.8783,0.0,0.0609
2519,0.0675,0.0,0.1957,0.6594,0.1449,0.5584,0.1818,0.0,0.2597
2520,0.8824,0.0,0.0209,0.9144,0.0647,0.0609,0.8783,0.0,0.0609
2521,0.0119,0.0,0.0209,0.9144,0.0647,0.0,0.1406,0.0,0.8594
2522,0.0675,1.0,0.0209,0.9144,0.0647,0.0093,0.1121,0.0,0.8785
2523,0.0675,0.0,0.3226,0.6452,0.0323,0.0,0.4286,0.0,0.5714
2524,0.0675,0.0,0.717,0.2642,0.0189,0.0609,0.8783,0.0,0.0609
2525,0.0675,0.0,0.0209,0.9144,0.0647,0.0093,0.1121,0.0,0.8785
2526,0.0675,0.0,0.0209,0.9144,0.0647,0.0029,0.0086,0.0029,0.9857
2527,0.0119,0.0,0.1,0.4,0.5,0.5584,0.1818,0.0,0.2597
2528,0.0675,0.0,0.1957,0.6594,0.1449,0.0609,0.8783,0.0,0.0609
2529,0.0119,0.0,0.1,0.4,0.5,0.5584,0.1818,0.0,0.2597
2530,0.0675,0.0,0.0209,0.9144,0.0647,0.0609,0.8783,0.0,0.0609
2531,0.0675,0.0,0.1957,0.6594,0.1449,0.0609,0.8783,0.0,0.0609
2532,0.0675,0.0,0.0209,0.9144,0.0647,0.0029,0.0086,0.0029,0.9857
2533,0.0675,0.0,0.717,0.2642,0.0189,0.0029,0.0086,0.0029,0.9857
2534,1.0,0.0,0.0,0.0,1.0,0.0462,0.0,0.0,0.9538
2535,0.0675,0.0,0.717,0.2642,0.0189,0.0,0.4,0.0,0.6
2536,0.0675,0.0,0.3226,0.6452,0.0323,0.0,0.4286,0.0,0.5714
2537,0.0057,1.0,0.3226,0.6452,0.0323,0.0,0.1406,0.0,0.8594
2538,0.0675,0.0,0.1957,0.6594,0.1449,0.0609,0.8783,0.0,0.0609
2539,0.0675,1.0,0.3226,0.6452,0.0323,0.0,0.95,0.0,0.05
2540,0.0675,0.0,0.0209,0.9144,0.0647,0.0029,0.0086,0.0029,0.9857
2541,0.0675,0.0,0.0209,0.9144,0.0647,0.0029,0.0086,0.0029,0.9857
2542,0.0675,0.0,0.0209,0.9144,0.0647,0.0093,0.1121,0.0,0.8785
2543,0.0119,0.4545,0.0209,0.9144,0.0647,0.0,0.1406,0.0,0.8594
2544,0.0057,1.0,0.0209,0.9144,0.0647,0.5584,0.1818,0.0,0.2597
2545,0.0675,0.0,0.1,0.4,0.5,0.5584,0.1818,0.0,0.2597
2546,0.0675,0.0,0.4,0.5,0.1,0.0609,0.8783,0.0,0.0609
2547,0.0675,0.0,0.0209,0.9144,0.0647,0.0029,0.0086,0.0029,0.9857
2548,0.0675,0.0,0.0209,0.9144,0.0647,0.0,0.4,0.0,0.6
2549,0.1,1.0,0.3226,0.6452,0.0323,0.0,0.6923,0.2308,0.0769
2550,0.0675,0.0,0.2816,0.4434,0.2751,1.0,0.0,0.0,0.0
2551,0.0675,1.0,0.0209,0.9144,0.0647,0.0093,0.1121,0.0,0.8785
2552,0.0675,0.0,0.1957,0.6594,0.1449,0.0,0.3,0.1,0.6
2553,0.0675,0.0,0.0209,0.9144,0.0647,0.0093,0.1121,0.0,0.8785
2554,0.0675,0.0,1.0,0.0,0.0,0.0609,0.8783,0.0,0.0609
2555,0.0675,0.0,0.1957,0.6594,0.1449,0.0609,0.8783,0.0,0.0609
2556,0.0119,0.4545,0.0209,0.9144,0.0647,0.0029,0.0086,0.0029,0.9857
2557,0.0675,0.0,0.1957,0.6594,0.1449,0.0609,0.8783,0.0,0.0609
2558,0.0675,0.0,1.0,0.0,0.0,0.0,0.4286,0.0,0.5714
2559,0.125,0.0,0.0,0.0,1.0,0.0,0.0,0.0,1.0
2560,0.0675,0.0,0.1957,0.6594,0.1449,0.0609,0.8783,0.0,0.0609
2561,0.0675,0.0,0.1,0.4,0.5,0.5584,0.1818,0.0,0.2597
2562,0.0057,1.0,0.0209,0.9144,0.0647,0.0029,0.0086,0.0029,0.9857
2563,0.0675,0.0,0.0209,0.9144,0.0647,0.0093,0.1121,0.0,0.8785
2564,0.0675,0.0,0.0209,0.9144,0.0647,0.0029,0.0086,0.0029,0.9857
2565,0.0675,0.0,0.2816,0.4434,0.2751,0.5325,0.0,0.1472,0.3203
2566,0.0675,0.0,0.1957,0.6594,0.1449,0.0,0.3,0.1,0.6
2567,0.8824,0.0,0.0209,0.9144,0.0647,0.0,0.1406,0.0,0.8594
2568,0.0675,0.0,0.717,0.2642,0.0189,0.0093,0.1121,0.0,0.8785
2569,0.0675,0.0,0.1957,0.6594,0.1449,0.0609,0.8783,0.0,0.0609
2570,0.0675,0.0,0.0209,0.9144,0.0647,0.0093,0.1121,0.0,0.8785
2571,0.0675,0.0,0.0209,0.9144,0.0647,0.0093,0.1121,0.0,0.8785
2572,0.0057,1.0,0.0209,0.9144,0.0647,0.0029,0.0086,0.0029,0.9857
2573,0.8824,0.0,0.0209,0.9144,0.0647,0.0,0.1406,0.0,0.8594
2574,1.0,0.2,0.0,0.0,1.0,1.0,0.0,0.0,0.0
2575,0.0675,0.0,0.0209,0.9144,0.0647,0.0093,0.1121,0.0,0.8785
2576,0.0675,0.0,0.0209,0.9144,0.0647,0.0093,0.1121,0.0,0.8785
2577,1.0,0.4545,0.0,0.0,1.0,0.8684,0.0,0.0,0.1316
2578,0.0675,0.0,0.717,0.2642,0.0189,0.0609,0.8783,0.0,0.0609
2579,0.0675,0.0,0.2816,0.4434,0.2751,1.0,0.0,0.0,0.0
2580,0.8824,0.0,0.0209,0.9144,0.0647,0.0609,0.8783,0.0,0.0609
2581,0.0675,0.0,0.0209,0.9144,0.0647,0.0,0.1406,0.0,0.8594
2582,0.8824,0.0,0.0209,0.9144,0.0647,0.0,0.1406,0.0,0.8594
2583,0.0675,1.0,0.0209,0.9144,0.0647,0.0029,0.0086,0.0029,0.9857
2584,0.0675,1.0,0.3226,0.6452,0.0323,0.0,0.4286,0.0,0.5714
2585,0.0119,0.0,0.0209,0.9144,0.0647,0.0,0.0,0.0,1.0
2586,0.0675,0.0,0.717,0.2642,0.0189,0.0029,0.0086,0.0029,0.9857
2587,0.0675,0.0,0.0209,0.9144,0.0647,0.0,0.1406,0.0,0.8594
2588,0.0675,0.0,0.0,0.0,1.0,0.0,0.1406,0.0,0.8594
2589,0.0675,0.0,0.1957,0.6594,0.1449,0.0609,0.8783,0.0,0.0609
2590,0.0675,0.0,0.1957,0.6594,0.1449,0.0609,0.8783,0.0,0.0609
2591,0.0675,0.0,0.0209,0.9144,0.0647,0.0029,0.0086,0.0029,0.9857
2592,0.0057,1.0,0.0209,0.9144,0.0647,0.0029,0.0086,0.0029,0.9857
2593,0.0675,0.0,0.717,0.2642,0.0189,0.5584,0.1818,0.0,0.2597
2594,0.0675,0.0,0.1957,0.6594,0.1449,0.5584,0.1818,0.0,0.2597
2595,0.0675,0.0,0.0209,0.9144,0.0647,0.0609,0.8783,0.0,0.0609
2596,0.0675,0.0,0.0209,0.9144,0.0647,0.0093,0.1121,0.0,0.8785
2597,0.0675,1.0,0.0209,0.9144,0.0647,0.0093,0.1121,0.0,0.8785
2598,0.0675,0.0,0.1957,0.6594,0.1449,0.0609,0.8783,0.0,0.0609
2599,0.0119,0.4545,0.0,0.0,1.0,0.0,0.1406,0.0,0.8594
2600,0.0675,1.0,0.3226,0.6452,0.0323,0.0,0.4286,0.0,0.5714
2601,0.8824,0.0,0.0209,0.9144,0.0647,0.0,0.1406,0.0,0.8594
2602,0.0675,0.0,0.717,0.2642,0.0189,0.0029,0.0086,0.0029,0.9857
2603,0.0119,1.0,0.0209,0.9144,0.0647,0.0029,0.0086,0.0029,0.9857
2604,0.0675,0.0,0.1957,0.6594,0.1449,0.0609,0.8783,0.0,0.0609
2605,0.0675,1.0,0.6,0.1,0.3,0.0609,0.8783,0.0,0.0609
2606,0.0675,0.0,0.0209,0.9144,0.0647,0.0609,0.8783,0.0,0.0609
2607,0.0675,1.0,0.0209,0.9144,0.0647,0.0029,0.0086,0.0029,0.9857
2608,0.0057,1.0,0.0209,0.9144,0.0647,0.0029,0.0086,0.0029,0.9857
2609,0.0675,0.0,0.0209,0.9144,0.0647,0.0093,0.1121,0.0,0.8785
2610,0.0675,0.0,0.1957,0.6594,0.1449,0.0609,0.8783,0.0,0.0609
2611,0.0119,0.8462,0.0,0.0,1.0,0.0,0.1406,0.0,0.8594
2612,0.0675,0.0,0.3226,0.6452,0.0323,0.5584,0.1818,0.0,0.2597
2613,0.0675,1.0,0.0209,0.9144,0.0647,0.0093,0.1121,0.0,0.8785
2614,0.3636,0.0,0.1,0.4,0.5,0.5584,0.1818,0.0,0.2597
2615,0.0675,0.0,0.717,0.2642,0.0189,0.0029,0.0086,0.0029,0.9857
2616,0.0675,0.0,0.0209,0.9144,0.0647,0.0093,0.1121,0.0,0.8785
2617,0.125,0.0,0.0,0.0,1.0,0.0,0.0,0.0,1.0
2618,0.0675,0.0,0.0209,0.9144,0.0647,0.0029,0.0086,0.0029,0.9857
2619,0.0675,0.0,0.1957,0.6594,0.1449,0.0,0.3,0.1,0.6
2620,0.0675,0.0,0.1,0.0,0.9,1.0,0.0,0.0,0.0
2621,0.0675,0.0,0.0209,0.9144,0.0647,0.0093,0.1121,0.0,0.8785
2622,0.3636,0.0,0.6,0.1,0.3,0.5584,0.1818,0.0,0.2597
2623,0.3636,0.0,0.0209,0.9144,0.0647,0.0,0.1406,0.0,0.8594
2624,0.0675,0.0,0.3226,0.6452,0.0323,0.0,0.4286,0.0,0.5714
2625,0.0675,0.0,0.0,0.0,1.0,1.0,0.0,0.0,0.0
2626,0.0675,0.0,0.4,0.5,0.1,0.0,0.1406,0.0,0.8594
2627,0.0675,0.0,0.717,0.2642,0.0189,0.0609,0.8783,0.0,0.0609
2628,0.0675,0.0,0.3226,0.6452,0.0323,0.0,0.4286,0.0,0.5714
2629,0.0675,0.0,0.0,0.0,1.0,1.0,0.0,0.0,0.0
2630,0.0675,0.0,0.0209,0.9144,0.0647,0.0029,0.0086,0.0029,0.9857
2631,0.0675,0.0,0.0209,0.9144,0.0647,0.0093,0.1121,0.0,0.8785
2632,0.0675,0.0,0.1957,0.6594,0.1449,0.0609,0.8783,0.0,0.0609
2633,0.0675,0.0,0.0209,0.9144,0.0647,0.0,0.1406,0.0,0.8594
2634,0.0675,0.0,0.0209,0.9144,0.0647,0.0609,0.8783,0.0,0.0609
2635,0.0675,0.0,0.0209,0.9144,0.0647,0.0029,0.0086,0.0029,0.9857
2636,0.0119,0.0,0.0209,0.9144,0.0647,0.0029,0.0086,0.0029,0.9857
2637,0.0675,1.0,0.3226,0.6452,0.0323,0.0,0.4286,0.0,0.5714
2638,0.0675,0.0,0.4,0.5,0.1,0.0,0.95,0.0,0.05
2639,0.0675,0.0,0.0209,0.9144,0.0647,0.0093,0.1121,0.0,0.8785
2640,0.0675,0.0,0.1957,0.6594,0.1449,0.0609,0.8783,0.0,0.0609
2641,0.3636,0.0,0.1,0.4,0.5,0.0093,0.1121,0.0,0.8785
2642,0.0675,0.0,0.1957,0.6594,0.1449,0.0609,0.8783,0.0,0.0609
2643,0.0675,0.0,0.0209,0.9144,0.0647,0.0029,0.0086,0.0029,0.9857
2644,0.0675,0.0,0.3226,0.6452,0.0323,0.0,0.4286,0.0,0.5714
2645,0.0675,0.0,0.3226,0.6452,0.0323,0.5584,0.1818,0.0,0.2597
2646,0.0675,0.0,0.0209,0.9144,0.0647,0.0,0.0,0.0,1.0
2647,0.0675,0.0,0.1957,0.6594,0.1449,0.0609,0.8783,0.0,0.0609
2648,0.0675,0.0,0.1957,0.6594,0.1449,0.0609,0.8783,0.0,0.0609
2649,0.0675,0.0,0.717,0.2642,0.0189,0.0609,0.8783,0.0,0.0609
2650,0.0,1.0,0.3226,0.6452,0.0323,0.0,0.6923,0.2308,0.0769
2651,0.0675,0.0,0.0209,0.9144,0.0647,0.0609,0.8783,0.0,0.0609
2652,0.0675,0.0,0.3226,0.6452,0.0323,0.0609,0.8783,0.0,0.0609
2653,0.0675,0.0,0.0209,0.9144,0.0647,0.0029,0.0086,0.0029,0.9857
2654,0.0675,0.0,0.3226,0.6452,0.0323,0.0,0.4286,0.0,0.5714
2655,0.0675,0.0,0.0209,0.9144,0.0647,0.0029,0.0086,0.0029,0.9857
2656,0.0675,0.0,0.717,0.2642,0.0189,0.0029,0.0086,0.0029,0.9857
2657,0.0675,0.0,0.6,0.1,0.3,0.0609,0.8783,0.0,0.0609
2658,0.0119,1.0,0.0209,0.9144,0.0647,0.0029,0.0086,0.0029,0.9857
2659,0.0675,0.0,0.1957,0.6594,0.1449,0.0609,0.8783,0.0,0.0609
2660,0.0675,0.0,0.1957,0.6594,0.1449,0.0609,0.8783,0.0,0.0609
2661,0.0675,0.0,0.1957,0.6594,0.1449,0.0609,0.8783,0.0,0.0609
2662,0.0675,0.0,0.717,0.2642,0.0189,0.0029,0.0086,0.0029,0.9857
2663,0.0675,0.0,0.1957,0.6594,0.1449,0.5584,0.1818,0.0,0.2597
2664,0.0675,0.0,0.0209,0.9144,0.0647,0.0,0.1406,0.0,0.8594
2665,0.0675,0.0,0.6,0.1,0.3,0.5584,0.1818,0.0,0.2597
2666,0.0675,0.0,0.1957,0.6594,0.1449,0.0609,0.8783,0.0,0.0609
2667,0.0675,0.0,0.717,0.2642,0.0189,0.5584,0.1818,0.0,0.2597
2668,0.0675,0.0,0.0209,0.9144,0.0647,0.0093,0.1121,0.0,0.8785
2669,0.0675,1.0,0.6,0.1,0.3,0.5584,0.1818,0.0,0.2597
2670,0.0675,0.0,0.717,0.2642,0.0189,0.0029,0.0086,0.0029,0.9857
2671,0.0675,0.0,0.717,0.2642,0.0189,0.0093,0.1121,0.0,0.8785
2672,0.0675,0.0,0.1957,0.6594,0.1449,0.0,0.3,0.1,0.6
2673,0.0675,0.0,0.717,0.2642,0.0189,0.0093,0.1121,0.0,0.8785
2674,0.0675,1.0,0.0209,0.9144,0.0647,0.0093,0.1121,0.0,0.8785
2675,0.0675,0.0,0.0209,0.9144,0.0647,0.0,0.4,0.0,0.6
2676,0.0675,0.0,0.0209,0.9144,0.0647,0.0029,0.0086,0.0029,0.9857
2677,0.0675,1.0,0.0209,0.9144,0.0647,0.0029,0.0086,0.0029,0.9857
2678,0.92,1.0,0.0,0.0,1.0,1.0,0.0,0.0,0.0
2679,0.8824,0.0,0.0209,0.9144,0.0647,0.0,0.0,0.0,1.0
2680,0.0675,0.0,0.717,0.2642,0.0189,0.0,0.3,0.1,0.6
2681,0.0675,0.0,0.1957,0.6594,0.1449,0.0,0.3,0.1,0.6
2682,0.0675,0.0,0.717,0.2642,0.0189,0.5584,0.1818,0.0,0.2597
2683,0.0675,0.0,0.717,0.2642,0.0189,0.0609,0.8783,0.0,0.0609
2684,0.0675,0.0,0.1957,0.6594,0.1449,0.0609,0.8783,0.0,0.0609
2685,0.0675,0.0,0.0209,0.9144,0.0647,0.0093,0.1121,0.0,0.8785
2686,0.0675,0.0,0.1957,0.6594,0.1449,0.0,0.3,0.1,0.6
2687,0.0675,0.0,0.1,0.4,0.5,0.5584,0.1818,0.0,0.2597
2688,0.0675,0.0,0.1957,0.6594,0.1449,0.0609,0.8783,0.0,0.0609
2689,0.3636,0.0,0.0209,0.9144,0.0647,0.0029,0.0086,0.0029,0.9857
2690,0.0057,1.0,0.3226,0.6452,0.0323,0.0,0.4286,0.0,0.5714
2691,0.0675,0.0,0.0209,0.9144,0.0647,0.0609,0.8783,0.0,0.0609
2692,0.0675,0.0,0.3226,0.6452,0.0323,0.0093,0.1121,0.0,0.8785
2693,0.0675,1.0,0.6,0.1,0.3,0.5584,0.1818,0.0,0.2597
2694,0.0675,0.0,0.717,0.2642,0.0189,0.0609,0.8783,0.0,0.0609
2695,0.0119,0.0,0.1,0.4,0.5,0.5584,0.1818,0.0,0.2597
2696,0.0675,0.0,0.0209,0.9144,0.0647,0.0029,0.0086,0.0029,0.9857
2697,0.0675,0.0,0.0,0.0,1.0,0.5325,0.0,0.1472,0.3203
2698,0.0675,0.0,0.1957,0.6594,0.1449,0.0609,0.8783,0.0,0.0609
2699,0.0675,0.0,0.6,0.1,0.3,0.5584,0.1818,0.0,0.2597
2700,0.0675,0.0,0.717,0.2642,0.0189,0.0609,0.8783,0.0,0.0609
2701,0.0675,0.0,0.0209,0.9144,0.0647,0.0093,0.1121,0.0,0.8785
2702,0.0675,0.0,0.6,0.1,0.3,0.5584,0.1818,0.0,0.2597
2704,0.0675,1.0,0.0209,0.9144,0.0647,0.0093,0.1121,0.0,0.8785
2705,0.0057,1.0,0.3226,0.6452,0.0323,0.0,0.6923,0.2308,0.0769
2706,0.0119,1.0,0.0,0.0,1.0,0.0,0.1406,0.0,0.8594
2707,0.0057,1.0,0.0209,0.9144,0.0647,0.0029,0.0086,0.0029,0.9857
2708,0.0675,0.0,0.1957,0.6594,0.1449,0.0609,0.8783,0.0,0.0609
2709,0.0675,0.0,0.3226,0.6452,0.0323,0.0,0.4286,0.0,0.5714
2710,0.0675,0.0,0.0209,0.9144,0.0647,0.0609,0.8783,0.0,0.0609
2711,0.0675,0.0,0.3226,0.6452,0.0323,0.0,0.4286,0.0,0.5714
2712,0.0119,1.0,0.0209,0.9144,0.0647,0.0029,0.0086,0.0029,0.9857
2713,0.8824,0.0,0.0,0.0,1.0,0.0,0.1406,0.0,0.8594
2714,0.0675,0.0,0.717,0.2642,0.0189,0.0609,0.8783,0.0,0.0609
2715,0.8824,0.0,0.0209,0.9144,0.0647,0.0,0.1406,0.0,0.8594
2716,0.0675,0.0,0.0209,0.9144,0.0647,0.0029,0.0086,0.0029,0.9857
2717,0.0675,0.0,0.1957,0.6594,0.1449,0.5584,0.1818,0.0,0.2597
2718,0.0675,1.0,0.0209,0.9144,0.0647,0.0093,0.1121,0.0,0.8785
2719,0.0675,0.0,0.0209,0.9144,0.0647,0.0029,0.0086,0.0029,0.9857
2720,0.0675,0.0,0.0209,0.9144,0.0647,0.0029,0.0086,0.0029,0.9857
2721,0.0675,0.0,0.3226,0.6452,0.0323,0.0,0.4286,0.0,0.5714
2722,0.0675,0.0,0.0209,0.9144,0.0647,0.0,0.1406,0.0,0.8594
2723,0.0675,0.0,0.1957,0.6594,0.1449,0.0609,0.8783,0.0,0.0609
2724,0.0675,0.0,0.1,0.0,0.9,0.0462,0.0,0.0,0.9538
2725,1.0,1.0,0.0,0.0,1.0,1.0,0.0,0.0,0.0
2726,0.0675,0.0,0.3226,0.6452,0.0323,0.0,0.4286,0.0,0.5714
2727,0.0675,0.0,0.0209,0.9144,0.0647,0.0093,0.1121,0.0,0.8785
2729,0.0675,0.0,0.0209,0.9144,0.0647,0.0093,0.1121,0.0,0.8785
2730,0.0675,0.0,0.1957,0.6594,0.1449,0.0,0.3,0.1,0.6
2731,0.0675,0.0,0.3226,0.6452,0.0323,0.0,0.4286,0.0,0.5714
2732,0.0675,0.0,0.1957,0.6594,0.1449,0.0,0.3,0.1,0.6
2733,0.0057,1.0,0.0209,0.9144,0.0647,0.0093,0.1121,0.0,0.8785
2734,0.0675,0.0,0.0209,0.9144,0.0647,0.0609,0.8783,0.0,0.0609
2735,0.0675,0.0,0.717,0.2642,0.0189,0.0029,0.0086,0.0029,0.9857
2736,0.0675,0.0,0.0209,0.9144,0.0647,0.0,0.1406,0.0,0.8594
2737,0.0675,0.0,0.717,0.2642,0.0189,0.0609,0.8783,0.0,0.0609
2738,0.0057,1.0,0.0209,0.9144,0.0647,0.0,0.1406,0.0,0.8594
2739,0.0675,0.0,0.0209,0.9144,0.0647,0.0609,0.8783,0.0,0.0609
2740,0.0119,0.0,0.0209,0.9144,0.0647,0.0,0.1406,0.0,0.8594
2741,0.0675,0.0,0.3226,0.6452,0.0323,0.0609,0.8783,0.0,0.0609
2742,0.0057,1.0,0.0209,0.9144,0.0647,0.0029,0.0086,0.0029,0.9857
2743,0.0675,1.0,0.0209,0.9144,0.0647,0.0,0.1406,0.0,0.8594
2744,0.0675,0.0,0.1957,0.6594,0.1449,0.5584,0.1818,0.0,0.2597
2745,0.0675,0.0,0.0209,0.9144,0.0647,0.0,0.1406,0.0,0.8594
2746,0.0675,0.0,0.1957,0.6594,0.1449,0.0609,0.8783,0.0,0.0609
2747,0.3636,0.0,0.0209,0.9144,0.0647,0.0,0.1406,0.0,0.8594
2748,0.0675,0.0,0.2816,0.4434,0.2751,1.0,0.0,0.0,0.0
2749,0.0057,1.0,0.0209,0.9144,0.0647,0.0093,0.1121,0.0,0.8785
2750,0.0675,0.0,0.1957,0.6594,0.1449,0.0609,0.8783,0.0,0.0609
2751,0.0675,0.0,0.0209,0.9144,0.0647,0.0,0.1406,0.0,0.8594
2752,0.0675,0.0,0.0209,0.9144,0.0647,0.0029,0.0086,0.0029,0.9857
2753,0.0675,0.0,0.0209,0.9144,0.0647,0.0,0.1406,0.0,0.8594
2754,0.0675,0.0,0.0209,0.9144,0.0647,0.0,0.1406,0.0,0.8594
2755,0.0675,0.0,0.1,0.4,0.5,0.0609,0.8783,0.0,0.0609
2756,0.3636,0.0,0.0209,0.9144,0.0647,0.0,0.1406,0.0,0.8594
2757,0.0675,0.0,0.0209,0.9144,0.0647,0.0,0.1406,0.0,0.8594
2758,0.0675,0.0,0.0209,0.9144,0.0647,0.0029,0.0086,0.0029,0.9857
2759,0.0675,0.0,0.0209,0.9144,0.0647,0.0,0.1406,0.0,0.8594
2760,0.0675,1.0,0.0209,0.9144,0.0647,0.0093,0.1121,0.0,0.8785
2762,0.0057,1.0,0.0209,0.9144,0.0647,0.0093,0.1121,0.0,0.8785
2763,0.0675,0.0,0.0209,0.9144,0.0647,0.0029,0.0086,0.0029,0.9857
2764,0.0675,0.0,0.1957,0.6594,0.1449,0.0609,0.8783,0.0,0.0609
2765,0.0675,0.0,0.1,0.4,0.5,0.5584,0.1818,0.0,0.2597
2766,0.0675,0.0,0.717,0.2642,0.0189,0.0609,0.8783,0.0,0.0609
2767,0.0675,0.0,0.0209,0.9144,0.0647,0.0,0.1406,0.0,0.8594
2768,0.0675,0.0,0.1,0.4,0.5,0.5584,0.1818,0.0,0.2597
2769,0.0675,0.0,0.0209,0.9144,0.0647,0.0,0.1406,0.0,0.8594
2770,0.0119,1.0,0.0209,0.9144,0.0647,0.0029,0.0086,0.0029,0.9857
2771,0.0675,0.0,0.3226,0.6452,0.0323,0.0,0.4286,0.0,0.5714
2772,0.0057,0.0,0.2816,0.4434,0.2751,0.5325,0.0,0.1472,0.3203
2773,0.0675,0.0,0.1,0.4,0.5,0.5584,0.1818,0.0,0.2597
2774,0.0675,0.0,0.0209,0.9144,0.0647,0.0093,0.1121,0.0,0.8785
2775,0.8824,0.0,0.0209,0.9144,0.0647,0.0,0.1406,0.0,0.8594
2776,0.0057,1.0,0.0209,0.9144,0.0647,0.0,0.1406,0.0,0.8594
2777,0.0675,0.0,0.717,0.2642,0.0189,0.5584,0.1818,0.0,0.2597
2778,0.0675,0.0,0.0209,0.9144,0.0647,0.0,0.1406,0.0,0.8594
2779,0.8824,0.0,1.0,0.0,0.0,0.0,0.0,0.0,1.0
2780,0.0675,0.0,0.1957,0.6594,0.1449,0.0609,0.8783,0.0,0.0609
2781,0.0675,0.0,0.3226,0.6452,0.0323,0.0,0.4286,0.0,0.5714
2782,0.0675,0.0,0.1,0.4,0.5,0.5584,0.1818,0.0,0.2597
2783,0.0675,0.0,0.0209,0.9144,0.0647,0.0,0.1406,0.0,0.8594
2784,0.0675,0.0,0.0209,0.9144,0.0647,0.0029,0.0086,0.0029,0.9857
2785,0.0675,0.0,0.0209,0.9144,0.0647,0.0029,0.0086,0.0029,0.9857
2786,0.0675,0.0,0.1957,0.6594,0.1449,0.5584,0.1818,0.0,0.2597
2787,0.0119,1.0,0.0209,0.9144,0.0647,0.0029,0.0086,0.0029,0.9857
2788,0.0675,0.0,0.0209,0.9144,0.0647,0.0093,0.1121,0.0,0.8785
2789,0.0675,1.0,0.3226,0.6452,0.0323,0.0,0.95,0.0,0.05
2790,0.0675,0.0,0.0209,0.9144,0.0647,0.0,0.1406,0.0,0.8594
2791,0.0675,0.2,0.0209,0.9144,0.0647,0.0,0.4,0.0,0.6
2792,0.0675,0.0,0.0209,0.9144,0.0647,0.0029,0.0086,0.0029,0.9857
2793,0.0675,0.0,0.717,0.2642,0.0189,0.0609,0.8783,0.0,0.0609
2794,0.0675,0.0,0.0209,0.9144,0.0647,0.0093,0.1121,0.0,0.8785
2795,0.0057,1.0,0.0209,0.9144,0.0647,0.0029,0.0086,0.0029,0.9857
2796,0.0675,0.0,0.0209,0.9144,0.0647,0.0,0.1406,0.0,0.8594
2797,0.0675,0.0,0.0209,0.9144,0.0647,0.0093,0.1121,0.0,0.8785
2798,0.0675,0.0,0.1957,0.6594,0.1449,0.0609,0.8783,0.0,0.0609
2799,0.0119,0.0,0.0,0.0,1.0,0.5584,0.1818,0.0,0.2597
2800,0.0675,0.0,0.0209,0.9144,0.0647,0.0,0.1406,0.0,0.8594
2801,0.0119,0.0,0.0209,0.9144,0.0647,0.0029,0.0086,0.0029,0.9857
2802,0.0057,1.0,0.0209,0.9144,0.0647,0.0,0.1406,0.0,0.8594
2803,1.0,0.2,0.0,0.0,1.0,0.0462,0.0,0.0,0.9538
2805,0.8824,0.0,0.0209,0.9144,0.0647,0.0,0.0,0.0,1.0
2806,0.0675,0.0,0.0209,0.9144,0.0647,0.0093,0.1121,0.0,0.8785
2807,0.0675,0.0,0.0209,0.9144,0.0647,0.0093,0.1121,0.0,0.8785
2808,0.0675,0.0,0.0209,0.9144,0.0647,0.0,0.4,0.0,0.6
2809,0.0675,0.0,0.0209,0.9144,0.0647,0.0,0.1406,0.0,0.8594
2810,0.0057,1.0,0.0209,0.9144,0.0647,0.0,0.1406,0.0,0.8594
2811,0.0675,1.0,0.0209,0.9144,0.0647,0.0029,0.0086,0.0029,0.9857
2812,0.0675,0.0,0.1957,0.6594,0.1449,0.5584,0.1818,0.0,0.2597
2813,0.0119,0.0,0.1,0.4,0.5,0.5584,0.1818,0.0,0.2597
2814,0.0675,1.0,0.0209,0.9144,0.0647,0.0,0.1406,0.0,0.8594
2815,0.0057,1.0,0.0209,0.9144,0.0647,0.0,0.1406,0.0,0.8594
2816,0.0675,0.0,0.0209,0.9144,0.0647,0.0,0.1406,0.0,0.8594
2817,0.0675,0.0,0.0209,0.9144,0.0647,0.0029,0.0086,0.0029,0.9857
2818,0.8824,1.0,0.0209,0.9144,0.0647,0.0,0.1406,0.0,0.8594
2819,0.0675,0.0,0.0209,0.9144,0.0647,0.0,0.1406,0.0,0.8594
2820,0.0675,0.0,0.0209,0.9144,0.0647,0.0029,0.0086,0.0029,0.9857
2821,0.0675,0.0,0.0209,0.9144,0.0647,0.0029,0.0086,0.0029,0.9857
2822,0.8824,1.0,0.0209,0.9144,0.0647,0.0,0.1406,0.0,0.8594
2823,0.0119,1.0,0.0209,0.9144,0.0647,0.0029,0.0086,0.0029,0.9857
2824,0.0119,0.0,0.0209,0.9144,0.0647,0.0,0.1406,0.0,0.8594
2825,0.0675,0.0,0.1,0.4,0.5,0.5584,0.1818,0.0,0.2597
2826,0.0675,0.0,0.1957,0.6594,0.1449,0.5584,0.1818,0.0,0.2597
2827,0.0675,0.0,0.0209,0.9144,0.0647,0.0,0.1406,0.0,0.8594
2828,0.0675,0.0,0.3226,0.6452,0.0323,0.0,0.4286,0.0,0.5714
2829,0.0675,0.0,0.1,0.4,0.5,0.5584,0.1818,0.0,0.2597
2830,0.0675,0.8462,0.6,0.1,0.3,0.5584,0.1818,0.0,0.2597
2831,0.0675,0.0,0.0209,0.9144,0.0647,0.0,0.1406,0.0,0.8594
2832,0.0675,0.0,0.1,0.4,0.5,0.5584,0.1818,0.0,0.2597
2833,0.0675,0.0,0.717,0.2642,0.0189,0.0609,0.8783,0.0,0.0609
2834,0.0675,0.0,0.0209,0.9144,0.0647,0.0,0.4,0.0,0.6
2835,0.0675,0.0,0.717,0.2642,0.0189,0.5584,0.1818,0.0,0.2597
2836,0.0675,0.0,0.0209,0.9144,0.0647,0.0029,0.0086,0.0029,0.9857
2837,0.0675,0.0,0.1,0.4,0.5,0.0609,0.8783,0.0,0.0609
2838,0.0675,1.0,0.0209,0.9144,0.0647,0.0029,0.0086,0.0029,0.9857
2839,0.0057,1.0,0.0209,0.9144,0.0647,0.0029,0.0086,0.0029,0.9857
2840,0.0119,0.0,0.1,0.4,0.5,0.0,0.0,0.0,1.0
2841,0.0675,0.0,0.0209,0.9144,0.0647,0.0,0.1406,0.0,0.8594
2842,0.0119,0.4545,0.0209,0.9144,0.0647,0.0,0.1406,0.0,0.8594
2843,0.0675,0.0,0.0209,0.9144,0.0647,0.0093,0.1121,0.0,0.8785
2844,0.3636,0.0,0.0209,0.9144,0.0647,0.0,0.4,0.0,0.6
2845,0.0675,0.0,0.0209,0.9144,0.0647,0.0,0.1406,0.0,0.8594
2846,0.0675,0.0,0.0209,0.9144,0.0647,0.0,0.1406,0.0,0.8594
2847,0.0675,0.0,0.717,0.2642,0.0189,0.0609,0.8783,0.0,0.0609
2848,0.0675,0.0,0.0209,0.9144,0.0647,0.0029,0.0086,0.0029,0.9857
2849,0.0675,0.0,0.0209,0.9144,0.0647,0.0029,0.0086,0.0029,0.9857
2850,0.0675,0.0,0.0209,0.9144,0.0647,0.0,0.1406,0.0,0.8594
2851,0.3636,1.0,0.0209,0.9144,0.0647,0.0029,0.0086,0.0029,0.9857
2852,0.0119,0.0,0.0,0.0,1.0,0.5584,0.1818,0.0,0.2597
2853,0.0675,0.2,0.0209,0.9144,0.0647,0.5584,0.1818,0.0,0.2597
2854,0.0057,1.0,0.0209,0.9144,0.0647,0.0029,0.0086,0.0029,0.9857
2855,0.0675,0.0,0.3226,0.6452,0.0323,0.0029,0.0086,0.0029,0.9857
2856,0.0675,0.0,0.1957,0.6594,0.1449,0.5584,0.1818,0.0,0.2597
2857,0.0675,0.0,0.0209,0.9144,0.0647,0.0029,0.0086,0.0029,0.9857
2858,0.0,1.0,0.3226,0.6452,0.0323,0.0,0.6923,0.2308,0.0769
2859,0.8824,1.0,0.0209,0.9144,0.0647,0.0,0.1406,0.0,0.8594
2860,0.0675,0.8462,0.2816,0.4434,0.2751,0.8684,0.0,0.0,0.1316
2861,0.0675,0.0,0.0209,0.9144,0.0647,0.0,0.1406,0.0,0.8594
2862,0.0675,0.8462,0.6,0.1,0.3,0.5584,0.1818,0.0,0.2597
2863,0.0675,0.0,0.1957,0.6594,0.1449,0.5584,0.1818,0.0,0.2597
2864,0.0057,1.0,0.0209,0.9144,0.0647,0.0,0.1406,0.0,0.8594
2865,0.0675,0.1,0.1957,0.6594,0.1449,0.5584,0.1818,0.0,0.2597
2866,0.0675,0.0,0.6,0.1,0.3,0.0,0.4,0.0,0.6
2867,0.0675,0.4545,0.0209,0.9144,0.0647,0.0029,0.0086,0.0029,0.9857
2868,0.0675,0.0,0.0209,0.9144,0.0647,0.0,0.1406,0.0,0.8594
2869,0.0675,0.0,0.717,0.2642,0.0189,0.0,0.95,0.0,0.05
2870,0.0675,0.0,0.717,0.2642,0.0189,0.5584,0.1818,0.0,0.2597
2871,0.3636,0.0,0.0209,0.9144,0.0647,0.0,0.1406,0.0,0.8594
2872,0.0675,0.0,0.0209,0.9144,0.0647,0.0029,0.0086,0.0029,0.9857
2873,0.0675,0.0,0.0209,0.9144,0.0647,0.0029,0.0086,0.0029,0.9857
2874,0.0057,1.0,0.0209,0.9144,0.0647,0.0,0.1406,0.0,0.8594
2875,0.0675,0.0,0.717,0.2642,0.0189,0.5584,0.1818,0.0,0.2597
2876,0.0057,1.0,0.0209,0.9144,0.0647,0.0,0.1406,0.0,0.8594
2878,0.0675,0.0,0.1957,0.6594,0.1449,0.5584,0.1818,0.0,0.2597
2879,0.0675,0.0,0.6,0.1,0.3,0.5584,0.1818,0.0,0.2597
2880,0.0675,0.0,0.0209,0.9144,0.0647,0.0,0.4,0.0,0.6
2881,0.0675,0.0,0.0209,0.9144,0.0647,0.0029,0.0086,0.0029,0.9857
2882,0.0675,0.0,0.1,0.4,0.5,0.0609,0.8783,0.0,0.0609
2883,0.0675,0.0,0.1957,0.6594,0.1449,0.5584,0.1818,0.0,0.2597
2884,0.0675,0.0,0.0209,0.9144,0.0647,0.0093,0.1121,0.0,0.8785
2885,0.0675,0.0,0.1,0.4,0.5,0.5584,0.1818,0.0,0.2597
2886,0.0675,0.0,0.0209,0.9144,0.0647,0.0029,0.0086,0.0029,0.9857
2887,0.125,0.0,0.0,0.0,1.0,0.0,0.0,0.0,1.0
2888,0.0057,1.0,0.0209,0.9144,0.0647,0.0029,0.0086,0.0029,0.9857
2889,0.0675,0.0,0.717,0.2642,0.0189,0.0029,0.0086,0.0029,0.9857
2890,0.0675,0.0,0.1957,0.6594,0.1449,0.5584,0.1818,0.0,0.2597
2891,0.0675,0.0,0.0209,0.9144,0.0647,0.0609,0.8783,0.0,0.0609
2892,0.0675,0.0,0.6,0.1,0.3,0.0609,0.8783,0.0,0.0609
2893,0.0057,1.0,0.0209,0.9144,0.0647,0.0,0.1406,0.0,0.8594
2894,1.0,0.0,0.0,0.0,1.0,0.8684,0.0,0.0,0.1316
2895,0.0675,0.0,0.2816,0.4434,0.2751,0.5325,0.0,0.1472,0.3203
2896,0.0675,0.0,0.2816,0.4434,0.2751,0.5325,0.0,0.1472,0.3203
2897,0.0675,0.0,0.1957,0.6594,0.1449,0.5584,0.1818,0.0,0.2597
2898,0.0675,0.0,0.1957,0.6594,0.1449,0.5584,0.1818,0.0,0.2597
2899,0.0675,0.0,0.1957,0.6594,0.1449,0.5584,0.1818,0.0,0.2597
2900,0.0675,1.0,0.0209,0.9144,0.0647,0.0093,0.1121,0.0,0.8785
2901,0.0675,0.0,0.3226,0.6452,0.0323,0.0,0.4286,0.0,0.5714
2902,0.0,1.0,0.3226,0.6452,0.0323,0.0,0.6923,0.2308,0.0769
2903,1.0,0.0,0.0,0.0,1.0,0.6,0.0,0.0,0.4
2904,0.3636,0.0,0.0209,0.9144,0.0647,0.0,0.1406,0.0,0.8594
2905,0.0675,0.0,0.717,0.2642,0.0189,0.0029,0.0086,0.0029,0.9857
2906,0.0675,0.0,0.1957,0.6594,0.1449,0.0609,0.8783,0.0,0.0609
2907,0.0119,0.0,0.0,0.0,1.0,0.0093,0.1121,0.0,0.8785
2908,0.0057,1.0,0.0209,0.9144,0.0647,0.0029,0.0086,0.0029,0.9857
2909,0.0675,0.0,0.0209,0.9144,0.0647,0.0029,0.0086,0.0029,0.9857
2910,1.0,0.8462,0.0,0.0,1.0,0.8684,0.0,0.0,0.1316
2911,0.0675,0.0,0.1957,0.6594,0.1449,0.5584,0.1818,0.0,0.2597
2912,0.0675,1.0,0.3226,0.6452,0.0323,0.0,0.4286,0.0,0.5714
2913,0.0675,0.0,0.717,0.2642,0.0189,0.0029,0.0086,0.0029,0.9857
2914,0.0675,0.0,0.1957,0.6594,0.1449,0.5584,0.1818,0.0,0.2597
2915,0.0675,0.0,0.1957,0.6594,0.1449,0.5584,0.1818,0.0,0.2597
2916,0.0675,0.0,0.1957,0.6594,0.1449,0.0609,0.8783,0.0,0.0609
2917,0.0675,0.0,0.0209,0.9144,0.0647,0.0029,0.0086,0.0029,0.9857
2918,0.0675,1.0,0.3226,0.6452,0.0323,0.0,0.4286,0.0,0.5714
2919,0.0675,1.0,0.0209,0.9144,0.0647,0.0093,0.1121,0.0,0.8785
2920,0.0675,0.0,0.1957,0.6594,0.1449,0.0609,0.8783,0.0,0.0609
2921,0.0675,0.0,0.1957,0.6594,0.1449,0.0609,0.8783,0.0,0.0609
2922,0.0675,0.0,0.2816,0.4434,0.2751,0.8684,0.0,0.0,0.1316
2923,0.0675,0.0,0.2816,0.4434,0.2751,0.5325,0.0,0.1472,0.3203
2924,0.0119,1.0,0.0209,0.9144,0.0647,0.0,0.1406,0.0,0.8594
2925,0.0675,0.0,0.0209,0.9144,0.0647,0.0609,0.8783,0.0,0.0609
2926,0.0675,0.0,0.1957,0.6594,0.1449,0.0,0.3,0.1,0.6
2927,0.0675,0.0,0.717,0.2642,0.0189,0.0029,0.0086,0.0029,0.9857
2928,0.0675,0.0,0.3226,0.6452,0.0323,0.0,0.4286,0.0,0.5714
2929,0.0675,0.0,0.0209,0.9144,0.0647,0.0609,0.8783,0.0,0.0609
2930,0.0119,0.0,0.0209,0.9144,0.0647,0.0029,0.0086,0.0029,0.9857
2931,0.0675,0.0,0.1,0.4,0.5,0.5584,0.1818,0.0,0.2597
2932,0.0675,0.0,0.717,0.2642,0.0189,0.0029,0.0086,0.0029,0.9857
2933,0.8824,0.0,0.0209,0.9144,0.0647,0.0609,0.8783,0.0,0.0609
2934,0.0675,0.0,0.1957,0.6594,0.1449,0.5584,0.1818,0.0,0.2597
2935,0.0675,0.0,0.0209,0.9144,0.0647,0.0,0.95,0.0,0.05
2936,0.0675,0.0,0.0209,0.9144,0.0647,0.0029,0.0086,0.0029,0.9857
2937,0.0675,0.0,0.0209,0.9144,0.0647,0.0029,0.0086,0.0029,0.9857
2938,0.0675,0.0,0.3226,0.6452,0.0323,0.0,0.4286,0.0,0.5714
2939,0.3636,0.0,0.0209,0.9144,0.0647,0.5584,0.1818,0.0,0.2597
2940,0.0675,0.0,0.1,0.4,0.5,0.5584,0.1818,0.0,0.2597
2941,0.0675,0.0,0.0209,0.9144,0.0647,0.0,0.1406,0.0,0.8594
2942,0.0675,0.0,0.0209,0.9144,0.0647,0.0,0.1406,0.0,0.8594
2943,0.0675,0.0,0.1957,0.6594,0.1449,0.0,0.3,0.1,0.6
2944,0.0119,0.0,0.6,0.1,0.3,0.5584,0.1818,0.0,0.2597
2945,0.0675,0.0,0.0209,0.9144,0.0647,0.0093,0.1121,0.0,0.8785
2946,0.0675,0.0,0.0209,0.9144,0.0647,0.0029,0.0086,0.0029,0.9857
2947,0.0675,0.0,0.1957,0.6594,0.1449,0.5584,0.1818,0.0,0.2597
2948,0.0675,0.0,0.0209,0.9144,0.0647,0.0093,0.1121,0.0,0.8785
2949,0.0675,0.0,0.2816,0.4434,0.2751,0.5325,0.0,0.1472,0.3203
2950,0.0675,0.0,0.1,0.4,0.5,0.0609,0.8783,0.0,0.0609
2952,0.0675,0.0,0.0209,0.9144,0.0647,0.0093,0.1121,0.0,0.8785
2953,0.0675,1.0,0.0209,0.9144,0.0647,0.0029,0.0086,0.0029,0.9857
2954,0.0675,0.0,0.1957,0.6594,0.1449,0.0609,0.8783,0.0,0.0609
2955,0.0675,0.0,0.3226,0.6452,0.0323,0.0609,0.8783,0.0,0.0609
2956,0.0675,0.0,0.0209,0.9144,0.0647,0.0029,0.0086,0.0029,0.9857
2957,0.0675,0.0,0.1957,0.6594,0.1449,0.5584,0.1818,0.0,0.2597
2958,0.0675,0.0,0.1957,0.6594,0.1449,0.0,0.3,0.1,0.6
2959,0.0675,0.0,0.0209,0.9144,0.0647,0.0,0.4,0.0,0.6
2960,0.0675,0.0,0.0209,0.9144,0.0647,0.0093,0.1121,0.0,0.8785
2961,0.8824,0.0,0.0209,0.9144,0.0647,0.0,0.0,0.0,1.0
2962,0.0675,0.0,0.0209,0.9144,0.0647,0.0029,0.0086,0.0029,0.9857
2963,0.0057,1.0,0.0209,0.9144,0.0647,0.0093,0.1121,0.0,0.8785
2964,0.3636,0.0,0.0209,0.9144,0.0647,0.0,0.1406,0.0,0.8594
2966,0.0675,0.0,0.717,0.2642,0.0189,0.5584,0.1818,0.0,0.2597
2967,0.92,1.0,0.0,0.0,1.0,0.2,0.0,0.6,0.2
2968,1.0,0.8462,0.0,0.0,1.0,0.8684,0.0,0.0,0.1316
2969,0.1,1.0,0.3226,0.6452,0.0323,0.0,0.6923,0.2308,0.0769
2970,0.0057,1.0,0.0209,0.9144,0.0647,0.0029,0.0086,0.0029,0.9857
2971,0.0675,0.0,0.717,0.2642,0.0189,0.0029,0.0086,0.0029,0.9857
2972,0.8824,0.0,0.0209,0.9144,0.0647,0.0,0.1406,0.0,0.8594
2973,0.0057,1.0,0.0209,0.9144,0.0647,0.0029,0.0086,0.0029,0.9857
2974,0.0675,0.0,0.6,0.1,0.3,0.5584,0.1818,0.0,0.2597
2975,0.0675,0.0,0.0209,0.9144,0.0647,0.0029,0.0086,0.0029,0.9857
2976,0.0675,0.0,0.1957,0.6594,0.1449,0.5584,0.1818,0.0,0.2597
2977,0.8824,0.0,0.0209,0.9144,0.0647,0.0,0.1406,0.0,0.8594
2978,0.0675,0.0,0.717,0.2642,0.0189,0.0029,0.0086,0.0029,0.9857
2979,0.0675,0.0,0.717,0.2642,0.0189,0.0609,0.8783,0.0,0.0609
2980,0.0675,0.0,0.0209,0.9144,0.0647,0.0609,0.8783,0.0,0.0609
2981,0.0057,1.0,0.0209,0.9144,0.0647,0.0029,0.0086,0.0029,0.9857
2982,0.0057,1.0,0.0209,0.9144,0.0647,0.0029,0.0086,0.0029,0.9857
2983,0.0675,0.0,0.0209,0.9144,0.0647,0.0093,0.1121,0.0,0.8785
2984,0.0675,0.0,0.1957,0.6594,0.1449,0.5584,0.1818,0.0,0.2597
2985,0.92,1.0,0.0,0.0,1.0,1.0,0.0,0.0,0.0
2986,0.0057,1.0,0.3226,0.6452,0.0323,0.0029,0.0086,0.0029,0.9857
2987,0.0057,1.0,0.0209,0.9144,0.0647,0.0,0.1406,0.0,0.8594
2988,0.0675,0.0,0.1957,0.6594,0.1449,0.5584,0.1818,0.0,0.2597
2989,0.0675,1.0,0.0209,0.9144,0.0647,0.0093,0.1121,0.0,0.8785
2990,0.0675,0.0,0.717,0.2642,0.0189,0.5584,0.1818,0.0,0.2597
2991,0.0675,0.0,0.0209,0.9144,0.0647,0.0,0.1406,0.0,0.8594
2992,0.0675,0.0,0.0209,0.9144,0.0647,0.0029,0.0086,0.0029,0.9857
2993,0.3636,0.0,0.0209,0.9144,0.0647,0.0,0.1406,0.0,0.8594
2994,0.0675,0.0,0.1957,0.6594,0.1449,0.0609,0.8783,0.0,0.0609
2995,0.0675,0.0,0.0209,0.9144,0.0647,0.0,0.1406,0.0,0.8594
2996,0.0675,0.0,0.0209,0.9144,0.0647,0.0,0.1406,0.0,0.8594
2997,0.8824,0.0,0.0209,0.9144,0.0647,0.0,0.1406,0.0,0.8594
2998,0.0675,0.0,0.4,0.5,0.1,0.0,0.1406,0.0,0.8594
2999,0.3636,0.0,0.0209,0.9144,0.0647,0.0,0.4,0.0,0.6
3000,0.3636,1.0,0.0209,0.9144,0.0647,0.0029,0.0086,0.0029,0.9857
3001,0.0675,0.0,0.0209,0.9144,0.0647,0.0093,0.1121,0.0,0.8785
3002,0.0675,0.0,0.1957,0.6594,0.1449,0.0609,0.8783,0.0,0.0609
3003,0.0675,0.0,0.6,0.1,0.3,0.5584,0.1818,0.0,0.2597
3004,0.0119,0.0,0.0209,0.9144,0.0647,0.0,0.1406,0.0,0.8594
3005,0.0119,0.0,0.0209,0.9144,0.0647,0.0,0.1406,0.0,0.8594
3006,0.0119,0.0,0.0209,0.9144,0.0647,0.0,0.1406,0.0,0.8594
3007,0.0675,0.0,0.1,0.4,0.5,0.5584,0.1818,0.0,0.2597
3008,0.3636,0.0,0.6,0.1,0.3,0.5584,0.1818,0.0,0.2597
3009,0.0119,0.0,0.1,0.4,0.5,0.5584,0.1818,0.0,0.2597
3010,0.0119,0.8462,0.0209,0.9144,0.0647,0.0,0.1406,0.0,0.8594
3011,0.0119,0.2,0.0209,0.9144,0.0647,0.0,0.1406,0.0,0.8594
3012,0.3636,0.4545,0.0209,0.9144,0.0647,0.0,0.1406,0.0,0.8594
3013,0.0119,0.0,0.0,0.0,1.0,0.0,0.1406,0.0,0.8594
3014,0.0057,0.4545,0.0301,0.0542,0.9157,0.8684,0.0,0.0,0.1316
3015,0.0119,0.0,0.0209,0.9144,0.0647,0.0,0.1406,0.0,0.8594
3016,0.3636,0.0,0.0209,0.9144,0.0647,0.0,0.1406,0.0,0.8594
3017,0.0675,0.0,0.6,0.1,0.3,0.5584,0.1818,0.0,0.2597
3018,0.0119,0.2,0.0209,0.9144,0.0647,0.0,0.1406,0.0,0.8594
3019,0.0119,0.0,0.0209,0.9144,0.0647,0.0,0.1406,0.0,0.8594
3020,0.0675,0.4545,0.0209,0.9144,0.0647,0.0,0.1406,0.0,0.8594
3021,0.8824,0.0,0.0209,0.9144,0.0647,0.0,0.1406,0.0,0.8594
3022,0.0119,0.0,0.0209,0.9144,0.0647,0.0,0.1406,0.0,0.8594
3023,0.8824,0.0,0.0209,0.9144,0.0647,0.0,0.1406,0.0,0.8594
3024,0.0119,0.0,0.1,0.4,0.5,0.5584,0.1818,0.0,0.2597
3025,0.3636,1.0,0.0209,0.9144,0.0647,0.0029,0.0086,0.0029,0.9857
3026,0.3636,0.0,0.0301,0.0542,0.9157,0.8684,0.0,0.0,0.1316
3027,0.3636,0.0,0.0209,0.9144,0.0647,0.0,0.1406,0.0,0.8594
3028,0.3636,0.0,0.6,0.1,0.3,0.5584,0.1818,0.0,0.2597
3029,0.0675,0.0,0.6,0.1,0.3,0.5584,0.1818,0.0,0.2597
3030,0.3636,0.0,0.0209,0.9144,0.0647,0.0,0.1406,0.0,0.8594
3031,0.3636,0.0,0.0209,0.9144,0.0647,0.0,0.1406,0.0,0.8594
3032,0.0119,0.0,0.0209,0.9144,0.0647,0.0,0.1406,0.0,0.8594
3033,0.0119,0.0,0.0209,0.9144,0.0647,0.0,0.1406,0.0,0.8594
3034,0.8824,0.0,0.0,0.0,1.0,0.0,0.1406,0.0,0.8594
3035,0.3636,0.4545,0.0209,0.9144,0.0647,0.0093,0.1121,0.0,0.8785
3036,0.3636,0.0,0.0209,0.9144,0.0647,0.0,0.1406,0.0,0.8594
3037,0.3636,0.0,0.6,0.1,0.3,0.5584,0.1818,0.0,0.2597
3038,0.3636,0.0,0.0209,0.9144,0.0647,0.0,0.1406,0.0,0.8594
3039,0.8824,0.8462,0.0209,0.9144,0.0647,0.0,0.1406,0.0,0.8594
3040,0.3636,0.0,0.0209,0.9144,0.0647,0.0093,0.1121,0.0,0.8785
3041,0.0119,0.0,0.0301,0.0542,0.9157,0.8684,0.0,0.0,0.1316
3042,0.3636,0.0,0.1,0.4,0.5,0.5584,0.1818,0.0,0.2597
3043,0.3636,0.4545,0.0209,0.9144,0.0647,0.0,0.1406,0.0,0.8594
3044,0.3636,0.0,0.0209,0.9144,0.0647,0.0,0.1406,0.0,0.8594
3045,0.0119,0.0,0.6,0.1,0.3,0.5584,0.1818,0.0,0.2597
3046,0.8824,0.4545,0.0209,0.9144,0.0647,0.0,0.1406,0.0,0.8594
3047,0.0119,0.0,0.0209,0.9144,0.0647,0.0,0.1406,0.0,0.8594
3048,0.0119,0.0,0.0209,0.9144,0.0647,0.0,0.1406,0.0,0.8594
3049,0.3636,0.0,0.6,0.1,0.3,0.5584,0.1818,0.0,0.2597
3050,0.3636,0.0,0.6,0.1,0.3,0.5584,0.1818,0.0,0.2597
3051,0.8824,0.4545,0.0209,0.9144,0.0647,0.0,0.1406,0.0,0.8594
3052,0.0119,1.0,0.0209,0.9144,0.0647,0.0029,0.0086,0.0029,0.9857
3053,0.8824,0.0,0.0209,0.9144,0.0647,0.0,0.1406,0.0,0.8594
3054,0.0675,0.0,0.6,0.1,0.3,0.5584,0.1818,0.0,0.2597
3055,0.3636,0.0,0.0209,0.9144,0.0647,0.0,0.1406,0.0,0.8594
3056,0.0675,0.0,0.1,0.4,0.5,0.5584,0.1818,0.0,0.2597
3057,0.8824,0.0,0.0209,0.9144,0.0647,0.0,0.1406,0.0,0.8594
3058,0.0119,0.0,0.0209,0.9144,0.0647,0.0,0.1406,0.0,0.8594
3059,0.0675,0.0,0.0209,0.9144,0.0647,0.0,0.1406,0.0,0.8594
3060,0.3636,0.0,0.1,0.4,0.5,0.5584,0.1818,0.0,0.2597
3061,0.0675,0.4545,0.0209,0.9144,0.0647,0.0,0.1406,0.0,0.8594
3062,0.8824,0.0,0.0209,0.9144,0.0647,0.0,0.1406,0.0,0.8594
3063,0.0675,0.0,0.6,0.1,0.3,0.5584,0.1818,0.0,0.2597
3064,0.0119,0.0,0.0209,0.9144,0.0647,0.0,0.1406,0.0,0.8594
3065,0.3636,0.4545,0.0209,0.9144,0.0647,0.0029,0.0086,0.0029,0.9857
3066,0.0119,0.0,0.0209,0.9144,0.0647,0.0,0.1406,0.0,0.8594
3067,0.0119,0.0,0.0209,0.9144,0.0647,0.0,0.1406,0.0,0.8594
3068,0.0675,0.0,0.6,0.1,0.3,0.5584,0.1818,0.0,0.2597
3069,0.3636,0.0,0.0209,0.9144,0.0647,0.0,0.1406,0.0,0.8594
3070,0.3636,0.8462,0.0209,0.9144,0.0647,0.0,0.1406,0.0,0.8594
3071,0.0119,1.0,0.0209,0.9144,0.0647,0.0029,0.0086,0.0029,0.9857
3072,0.3636,0.0,0.0209,0.9144,0.0647,0.0,0.1406,0.0,0.8594
3073,0.0675,0.0,0.1,0.4,0.5,0.5584,0.1818,0.0,0.2597
3074,0.0119,1.0,0.0209,0.9144,0.0647,0.0093,0.1121,0.0,0.8785
3075,0.0119,0.0,0.0209,0.9144,0.0647,0.0,0.1406,0.0,0.8594
3076,0.0119,0.0,0.1,0.4,0.5,0.5584,0.1818,0.0,0.2597
3077,0.0119,0.0,0.0209,0.9144,0.0647,0.0,0.1406,0.0,0.8594
3078,0.3636,0.4545,0.0209,0.9144,0.0647,0.0,0.1406,0.0,0.8594
3079,0.0119,0.0,0.0,0.0,1.0,0.0,0.1406,0.0,0.8594
3080,0.8824,0.4545,0.0209,0.9144,0.0647,0.0,0.1406,0.0,0.8594
3081,0.0119,0.4545,0.0209,0.9144,0.0647,0.0,0.1406,0.0,0.8594
3082,0.3636,0.0,0.0209,0.9144,0.0647,0.0,0.1406,0.0,0.8594
3083,0.3636,0.2,0.0209,0.9144,0.0647,0.0,0.1406,0.0,0.8594
3084,0.0119,0.0,0.1,0.4,0.5,0.5584,0.1818,0.0,0.2597
3085,0.0119,0.0,0.0209,0.9144,0.0647,0.0,0.1406,0.0,0.8594
3086,0.0119,0.0,0.0209,0.9144,0.0647,0.0,0.1406,0.0,0.8594
3087,0.0675,0.8462,0.0209,0.9144,0.0647,0.0,0.1406,0.0,0.8594
3088,0.3636,0.0,0.0209,0.9144,0.0647,0.0,0.1406,0.0,0.8594
3089,0.3636,1.0,0.0209,0.9144,0.0647,0.0093,0.1121,0.0,0.8785
3090,0.8824,0.0,0.0209,0.9144,0.0647,0.0,0.1406,0.0,0.8594
3091,0.0119,0.0,0.1,0.4,0.5,0.5584,0.1818,0.0,0.2597
3092,0.8824,0.4545,0.0209,0.9144,0.0647,0.0,0.1406,0.0,0.8594
3093,0.0675,0.0,0.0209,0.9144,0.0647,0.0,0.1406,0.0,0.8594
3094,0.0675,0.0,0.1,0.4,0.5,0.5584,0.1818,0.0,0.2597
3095,0.3636,0.2,0.0209,0.9144,0.0647,0.0,0.1406,0.0,0.8594
3096,0.0119,0.0,0.1,0.4,0.5,0.5584,0.1818,0.0,0.2597
3097,0.0119,0.0,0.0209,0.9144,0.0647,0.0,0.1406,0.0,0.8594
3098,0.3636,1.0,0.0209,0.9144,0.0647,0.0093,0.1121,0.0,0.8785
3099,0.3636,0.4545,0.0209,0.9144,0.0647,0.0,0.1406,0.0,0.8594
3100,0.0119,0.0,0.6,0.1,0.3,0.5584,0.1818,0.0,0.2597
3101,0.3636,0.0,0.6,0.1,0.3,0.5584,0.1818,0.0,0.2597
3102,0.3636,0.0,0.0209,0.9144,0.0647,0.0,0.1406,0.0,0.8594
3103,0.0119,0.0,0.0209,0.9144,0.0647,0.0,0.1406,0.0,0.8594
3104,0.0675,0.0,0.6,0.1,0.3,0.5584,0.1818,0.0,0.2597
3105,0.3636,0.0,0.0209,0.9144,0.0647,0.0,0.1406,0.0,0.8594
3106,0.0119,0.0,0.0209,0.9144,0.0647,0.0,0.1406,0.0,0.8594
3108,0.0119,0.0,0.6,0.1,0.3,0.5584,0.1818,0.0,0.2597
3109,0.3636,1.0,0.0209,0.9144,0.0647,0.0093,0.1121,0.0,0.8785
3110,0.3636,0.4545,0.0209,0.9144,0.0647,0.0,0.1406,0.0,0.8594
3111,0.0119,0.4545,0.0209,0.9144,0.0647,0.0,0.1406,0.0,0.8594
3112,0.8824,0.0,0.0209,0.9144,0.0647,0.0,0.1406,0.0,0.8594
3113,0.0119,0.0,0.0209,0.9144,0.0647,0.0,0.1406,0.0,0.8594
3114,0.0119,0.0,0.0209,0.9144,0.0647,0.0,0.1406,0.0,0.8594
3115,0.3636,0.0,0.1,0.4,0.5,0.5584,0.1818,0.0,0.2597
3116,0.0119,0.0,0.0301,0.0542,0.9157,1.0,0.0,0.0,0.0
3117,0.0119,0.8462,0.0209,0.9144,0.0647,0.0,0.1406,0.0,0.8594
3118,0.0119,0.0,0.0209,0.9144,0.0647,0.0,0.1406,0.0,0.8594
3119,0.0675,0.0,0.1,0.4,0.5,0.5584,0.1818,0.0,0.2597
3120,0.3636,0.0,0.0209,0.9144,0.0647,0.0,0.1406,0.0,0.8594
3121,0.0119,0.0,0.0209,0.9144,0.0647,0.0,0.1406,0.0,0.8594
3122,0.0675,0.0,0.1,0.4,0.5,0.5584,0.1818,0.0,0.2597
3123,0.3636,0.0,0.1,0.4,0.5,0.5584,0.1818,0.0,0.2597
3124,0.0119,0.0,0.1,0.4,0.5,0.5584,0.1818,0.0,0.2597
3125,0.0119,0.0,0.0209,0.9144,0.0647,0.0,0.1406,0.0,0.8594
3126,0.3636,0.0,0.0209,0.9144,0.0647,0.0,0.1406,0.0,0.8594
3127,0.3636,0.0,0.1,0.4,0.5,0.5584,0.1818,0.0,0.2597
3128,0.0119,0.0,0.1,0.4,0.5,0.5584,0.1818,0.0,0.2597
3129,0.0119,0.0,0.1,0.4,0.5,0.5584,0.1818,0.0,0.2597
3130,0.0675,0.4545,0.0209,0.9144,0.0647,0.0,0.1406,0.0,0.8594
3131,0.0119,0.0,0.0209,0.9144,0.0647,0.0,0.1406,0.0,0.8594
3132,0.0119,0.0,0.0209,0.9144,0.0647,0.0,0.1406,0.0,0.8594
3133,1.0,0.2,0.0,0.0,1.0,0.8684,0.0,0.0,0.1316
3134,0.0675,0.0,1.0,0.0,0.0,0.0,0.4286,0.0,0.5714
3135,0.0675,0.0,0.1957,0.6594,0.1449,0.5584,0.1818,0.0,0.2597
3136,0.0675,0.0,0.0209,0.9144,0.0647,0.0029,0.0086,0.0029,0.9857
3137,0.0675,0.0,0.4,0.5,0.1,0.0,0.4286,0.0,0.5714
3138,0.125,0.0,0.0,0.0,1.0,0.0,0.0,0.0,1.0
3139,0.0675,0.0,0.1957,0.6594,0.1449,0.0609,0.8783,0.0,0.0609
3140,0.0675,0.0,0.0209,0.9144,0.0647,0.0029,0.0086,0.0029,0.9857
3141,0.0675,0.0,0.717,0.2642,0.0189,0.0609,0.8783,0.0,0.0609
3142,0.0675,0.0,0.0209,0.9144,0.0647,0.0029,0.0086,0.0029,0.9857
3143,0.0675,0.0,0.3226,0.6452,0.0323,0.0609,0.8783,0.0,0.0609
3144,0.0,1.0,0.3226,0.6452,0.0323,0.0,0.6923,0.2308,0.0769
3145,0.0675,0.0,0.0209,0.9144,0.0647,0.0029,0.0086,0.0029,0.9857
3146,0.0675,0.0,0.0209,0.9144,0.0647,0.0093,0.1121,0.0,0.8785
3147,0.0675,0.0,0.0209,0.9144,0.0647,0.0093,0.1121,0.0,0.8785
3148,0.0675,0.0,0.0209,0.9144,0.0647,0.0093,0.1121,0.0,0.8785
3149,0.0675,0.0,0.1957,0.6594,0.1449,0.0609,0.8783,0.0,0.0609
3150,0.0675,0.0,0.0209,0.9144,0.0647,0.0093,0.1121,0.0,0.8785
3151,0.0675,0.0,0.0209,0.9144,0.0647,0.0093,0.1121,0.0,0.8785
3152,0.0057,1.0,0.0209,0.9144,0.0647,0.0093,0.1121,0.0,0.8785
3153,0.0675,0.0,0.0209,0.9144,0.0647,0.0,0.1406,0.0,0.8594
3154,0.0675,0.0,0.4,0.5,0.1,0.0609,0.8783,0.0,0.0609
3155,0.0675,0.0,0.3226,0.6452,0.0323,0.0609,0.8783,0.0,0.0609
3156,0.0675,0.0,0.0209,0.9144,0.0647,0.0,0.1406,0.0,0.8594
3157,0.0675,0.0,0.0209,0.9144,0.0647,0.0093,0.1121,0.0,0.8785
3158,0.0675,0.0,0.0209,0.9144,0.0647,0.0029,0.0086,0.0029,0.9857
3159,0.0675,0.0,0.3226,0.6452,0.0323,0.0,0.4286,0.0,0.5714
3160,0.92,1.0,0.0,0.0,1.0,1.0,0.0,0.0,0.0
3161,0.0675,0.0,0.6,0.1,0.3,0.0609,0.8783,0.0,0.0609
3162,0.0675,0.0,0.3226,0.6452,0.0323,0.0,0.4286,0.0,0.5714
3163,0.0675,0.0,0.3226,0.6452,0.0323,0.0,0.4286,0.0,0.5714
3164,0.125,0.0,0.0,0.0,1.0,0.0,0.0,0.0,1.0
3165,0.0675,0.0,0.0209,0.9144,0.0647,0.0093,0.1121,0.0,0.8785
3166,0.0675,0.0,0.1957,0.6594,0.1449,0.0,0.3,0.1,0.6
3167,0.8824,0.0,0.0209,0.9144,0.0647,0.0,0.1406,0.0,0.8594
3168,0.0675,0.0,0.0209,0.9144,0.0647,0.0093,0.1121,0.0,0.8785
3169,0.0675,0.0,0.3226,0.6452,0.0323,0.0,0.95,0.0,0.05
3170,0.0675,1.0,0.0209,0.9144,0.0647,0.0093,0.1121,0.0,0.8785
3171,0.0057,1.0,0.3226,0.6452,0.0323,0.0,0.6923,0.2308,0.0769
3172,0.0675,0.0,0.0209,0.9144,0.0647,0.0029,0.0086,0.0029,0.9857
3173,0.0675,0.0,0.0209,0.9144,0.0647,0.0,0.1406,0.0,0.8594
3174,0.0675,0.0,0.0209,0.9144,0.0647,0.5584,0.1818,0.0,0.2597
3175,0.0057,1.0,0.0209,0.9144,0.0647,0.0029,0.0086,0.0029,0.9857
3176,0.0119,0.0,0.0209,0.9144,0.0647,0.0,0.4,0.0,0.6
3177,0.0675,0.0,0.0209,0.9144,0.0647,0.0029,0.0086,0.0029,0.9857
3178,0.0675,0.0,0.717,0.2642,0.0189,0.0029,0.0086,0.0029,0.9857
3179,0.0675,0.0,0.0,0.0,1.0,1.0,0.0,0.0,0.0
3180,0.0675,0.0,0.4,0.5,0.1,0.0,0.1406,0.0,0.8594
3181,0.0675,0.0,0.717,0.2642,0.0189,0.0029,0.0086,0.0029,0.9857
3182,0.0675,0.0,0.0209,0.9144,0.0647,0.0029,0.0086,0.0029,0.9857
3183,0.125,0.0,0.0,0.0,1.0,0.0,0.0,0.0,1.0
3184,0.8824,0.0,0.0209,0.9144,0.0647,0.0,0.1406,0.0,0.8594
3185,0.0675,0.0,0.0209,0.9144,0.0647,0.0,0.0,0.0,1.0
3186,0.0675,0.0,0.1,0.4,0.5,0.5584,0.1818,0.0,0.2597
3187,0.0675,0.0,0.717,0.2642,0.0189,0.0,0.3,0.1,0.6
3188,0.0675,0.0,0.0209,0.9144,0.0647,0.0093,0.1121,0.0,0.8785
3189,0.0675,0.0,0.0209,0.9144,0.0647,0.0093,0.1121,0.0,0.8785
3190,0.0675,0.0,0.1957,0.6594,0.1449,0.5584,0.1818,0.0,0.2597
3191,0.0675,0.0,0.0209,0.9144,0.0647,0.0029,0.0086,0.0029,0.9857
3192,0.0675,0.0,0.717,0.2642,0.0189,0.0029,0.0086,0.0029,0.9857
3193,0.0675,0.0,0.6,0.1,0.3,0.5584,0.1818,0.0,0.2597
3194,0.0675,0.0,0.3226,0.6452,0.0323,0.0,0.4,0.0,0.6
3195,0.0675,0.0,0.717,0.2642,0.0189,0.0093,0.1121,0.0,0.8785
3196,1.0,0.8462,0.0,0.0,1.0,1.0,0.0,0.0,0.0
3197,0.0119,0.0,0.717,0.2642,0.0189,0.0029,0.0086,0.0029,0.9857
3198,0.0675,0.0,0.0209,0.9144,0.0647,0.0093,0.1121,0.0,0.8785
3199,0.0675,0.0,0.3226,0.6452,0.0323,0.0609,0.8783,0.0,0.0609
3200,0.0675,0.0,0.3226,0.6452,0.0323,0.0,0.95,0.0,0.05
3201,0.0675,0.0,0.717,0.2642,0.0189,0.0609,0.8783,0.0,0.0609
3202,0.0675,0.0,0.3226,0.6452,0.0323,0.0,0.4286,0.0,0.5714
3203,0.0675,0.0,0.1957,0.6594,0.1449,0.0609,0.8783,0.0,0.0609
3204,0.0675,0.0,0.1957,0.6594,0.1449,0.0609,0.8783,0.0,0.0609
3205,0.0675,0.0,0.1957,0.6594,0.1449,0.0609,0.8783,0.0,0.0609
3206,0.0675,0.0,0.6,0.1,0.3,0.0,0.4,0.0,0.6
3207,0.0675,0.0,0.0209,0.9144,0.0647,0.0,0.4,0.0,0.6
3208,0.8824,0.0,1.0,0.0,0.0,0.0,0.0,0.0,1.0
3209,0.0675,0.0,0.3226,0.6452,0.0323,0.0,0.4286,0.0,0.5714
3210,0.0675,0.0,0.0209,0.9144,0.0647,0.0,0.1406,0.0,0.8594
3211,0.0119,0.4545,0.6,0.1,0.3,0.5584,0.1818,0.0,0.2597
3212,0.0675,0.0,0.3226,0.6452,0.0323,0.0,0.4286,0.0,0.5714
3213,0.0675,0.0,0.3226,0.6452,0.0323,0.0029,0.0086,0.0029,0.9857
3214,0.0675,0.0,0.0209,0.9144,0.0647,0.0029,0.0086,0.0029,0.9857
3215,0.0675,0.0,0.6,0.1,0.3,0.5584,0.1818,0.0,0.2597
3216,0.0675,0.0,0.1957,0.6594,0.1449,0.0609,0.8783,0.0,0.0609
3217,0.0675,0.0,0.0209,0.9144,0.0647,0.0093,0.1121,0.0,0.8785
3218,0.0675,0.0,0.717,0.2642,0.0189,0.0029,0.0086,0.0029,0.9857
3219,0.0675,0.0,0.1957,0.6594,0.1449,0.0609,0.8783,0.0,0.0609
3220,0.0675,0.0,0.0209,0.9144,0.0647,0.0029,0.0086,0.0029,0.9857
3221,0.0675,0.0,0.1957,0.6594,0.1449,0.0609,0.8783,0.0,0.0609
3222,0.0057,1.0,0.6,0.1,0.3,0.5584,0.1818,0.0,0.2597
3223,0.0119,0.0,0.0209,0.9144,0.0647,0.0029,0.0086,0.0029,0.9857
3224,0.0675,0.0,0.0209,0.9144,0.0647,0.5584,0.1818,0.0,0.2597
3225,0.0675,0.0,0.717,0.2642,0.0189,0.0029,0.0086,0.0029,0.9857
3226,0.0675,0.0,0.717,0.2642,0.0189,0.0609,0.8783,0.0,0.0609
3227,0.0675,0.0,0.0209,0.9144,0.0647,0.0,0.1406,0.0,0.8594
3228,0.0675,0.0,0.0209,0.9144,0.0647,0.0029,0.0086,0.0029,0.9857
3229,0.125,0.0,0.0,0.0,1.0,0.0,0.0,0.0,1.0
3230,0.0057,1.0,0.6,0.1,0.3,0.5584,0.1818,0.0,0.2597
3231,0.0675,0.0,0.0209,0.9144,0.0647,0.0029,0.0086,0.0029,0.9857
3232,0.0675,0.0,0.3226,0.6452,0.0323,0.0,0.4286,0.0,0.5714
3233,0.0675,0.0,0.1957,0.6594,0.1449,0.0609,0.8783,0.0,0.0609
3234,0.3636,0.0,0.0,0.0,1.0,0.0,0.1406,0.0,0.8594
3235,1.0,0.2,0.0,0.0,1.0,1.0,0.0,0.0,0.0
3236,0.8824,0.0,0.0209,0.9144,0.0647,0.0029,0.0086,0.0029,0.9857
3237,0.0057,1.0,0.6,0.1,0.3,0.5584,0.1818,0.0,0.2597
3238,0.0057,1.0,0.3226,0.6452,0.0323,0.0029,0.0086,0.0029,0.9857
3239,0.0675,0.0,0.717,0.2642,0.0189,0.0029,0.0086,0.0029,0.9857
3240,0.0675,0.0,0.2816,0.4434,0.2751,1.0,0.0,0.0,0.0
3241,0.0675,0.0,0.0209,0.9144,0.0647,0.0,0.1406,0.0,0.8594
3242,0.0675,0.0,0.0209,0.9144,0.0647,0.0093,0.1121,0.0,0.8785
3243,0.0675,0.0,0.3226,0.6452,0.0323,0.0093,0.1121,0.0,0.8785
3244,0.0675,0.0,0.1957,0.6594,0.1449,0.5584,0.1818,0.0,0.2597
3245,0.0675,0.0,0.1957,0.6594,0.1449,0.0609,0.8783,0.0,0.0609
3246,0.0675,0.0,1.0,0.0,0.0,0.0609,0.8783,0.0,0.0609
3247,0.0675,0.0,0.0209,0.9144,0.0647,0.0,0.1406,0.0,0.8594
3248,0.0675,1.0,0.0209,0.9144,0.0647,0.0,0.1406,0.0,0.8594
3249,0.0675,0.0,0.0209,0.9144,0.0647,0.0,0.1406,0.0,0.8594
3250,0.0675,0.0,0.0209,0.9144,0.0647,0.0029,0.0086,0.0029,0.9857
3251,0.0675,0.0,0.0209,0.9144,0.0647,0.0029,0.0086,0.0029,0.9857
3252,0.0675,0.0,0.1957,0.6594,0.1449,0.0609,0.8783,0.0,0.0609
3253,0.125,0.0,0.0,0.0,1.0,0.0,0.0,0.0,1.0
3254,0.0675,0.0,0.717,0.2642,0.0189,0.0609,0.8783,0.0,0.0609
3255,0.3636,0.0,0.0209,0.9144,0.0647,0.0,0.1406,0.0,0.8594
3256,0.0057,1.0,0.0209,0.9144,0.0647,0.0029,0.0086,0.0029,0.9857
3257,0.0675,0.0,0.0209,0.9144,0.0647,0.0,0.1406,0.0,0.8594
3258,0.0675,1.0,0.3226,0.6452,0.0323,0.0,0.0,0.0,1.0
3259,0.0675,0.0,0.1957,0.6594,0.1449,0.0,0.3,0.1,0.6
3260,0.0675,0.0,0.1957,0.6594,0.1449,0.5584,0.1818,0.0,0.2597
3261,0.0675,0.0,0.1957,0.6594,0.1449,0.0,0.3,0.1,0.6
3262,0.0119,0.0,0.0,0.0,1.0,0.0,0.1406,0.0,0.8594
3263,0.0675,0.0,0.0209,0.9144,0.0647,0.0029,0.0086,0.0029,0.9857
3264,0.0119,1.0,0.0209,0.9144,0.0647,0.0,0.0,0.0,1.0
3265,0.0675,1.0,0.3226,0.6452,0.0323,0.0,0.4286,0.0,0.5714
3266,0.3636,0.0,0.0209,0.9144,0.0647,0.0,0.1406,0.0,0.8594
3267,0.0675,0.0,0.0209,0.9144,0.0647,0.0029,0.0086,0.0029,0.9857
3268,0.0675,0.0,0.1957,0.6594,0.1449,0.5584,0.1818,0.0,0.2597
3269,0.0675,0.0,0.0209,0.9144,0.0647,0.0609,0.8783,0.0,0.0609
3270,0.0675,0.0,0.0209,0.9144,0.0647,0.0029,0.0086,0.0029,0.9857
3271,0.0675,0.0,0.1957,0.6594,0.1449,0.0609,0.8783,0.0,0.0609
3272,0.0057,1.0,0.0209,0.9144,0.0647,0.0029,0.0086,0.0029,0.9857
3273,0.8824,0.4545,0.0209,0.9144,0.0647,0.0,0.1406,0.0,0.8594
3274,0.0675,0.0,0.0209,0.9144,0.0647,0.0093,0.1121,0.0,0.8785
3275,0.0675,0.0,0.1957,0.6594,0.1449,0.0,0.3,0.1,0.6
3276,0.0675,0.0,0.0209,0.9144,0.0647,0.5584,0.1818,0.0,0.2597
3278,0.0675,0.0,0.0301,0.0542,0.9157,0.1333,0.0,0.4667,0.4
3279,0.0057,1.0,0.0209,0.9144,0.0647,0.0029,0.0086,0.0029,0.9857
3280,0.0675,0.0,0.0209,0.9144,0.0647,0.0,0.95,0.0,0.05
3281,0.0675,0.0,0.0209,0.9144,0.0647,0.0609,0.8783,0.0,0.0609
3282,1.0,1.0,0.0,0.0,1.0,0.1,0.0,0.9,0.0
3283,0.0675,0.0,0.1,0.4,0.5,0.5584,0.1818,0.0,0.2597
3284,0.125,0.0,0.0,0.0,1.0,0.0,0.0,0.0,1.0
3285,0.0675,0.0,0.1957,0.6594,0.1449,0.0609,0.8783,0.0,0.0609
3286,0.0675,0.0,0.1957,0.6594,0.1449,0.5584,0.1818,0.0,0.2597
3287,0.0675,0.0,0.0209,0.9144,0.0647,0.0093,0.1121,0.0,0.8785
3288,0.0675,0.8462,0.2816,0.4434,0.2751,0.8684,0.0,0.0,0.1316
3289,0.0675,0.0,0.1957,0.6594,0.1449,0.0,0.3,0.1,0.6
3290,0.0675,0.0,0.1957,0.6594,0.1449,0.0609,0.8783,0.0,0.0609
3291,0.8824,1.0,0.0209,0.9144,0.0647,0.0,0.1406,0.0,0.8594
3292,0.0675,0.0,0.0209,0.9144,0.0647,0.0093,0.1121,0.0,0.8785
3293,1.0,0.0,0.0,0.0,1.0,0.0,0.0,0.0,1.0
3294,0.0675,0.0,0.0209,0.9144,0.0647,0.0029,0.0086,0.0029,0.9857
3295,0.0675,0.0,0.0209,0.9144,0.0647,0.0093,0.1121,0.0,0.8785
3296,0.0675,0.0,0.717,0.2642,0.0189,0.0029,0.0086,0.0029,0.9857
3297,0.0675,0.0,0.1957,0.6594,0.1449,0.0609,0.8783,0.0,0.0609
3298,0.0057,1.0,0.0209,0.9144,0.0647,0.0093,0.1121,0.0,0.8785
3299,0.0675,0.0,0.6,0.1,0.3,0.5584,0.1818,0.0,0.2597
3300,0.0675,0.0,0.3226,0.6452,0.0323,0.0,0.4286,0.0,0.5714
3301,0.0675,0.0,0.2816,0.4434,0.2751,0.5325,0.0,0.1472,0.3203
3302,0.0675,0.0,0.1,0.4,0.5,0.5584,0.1818,0.0,0.2597
3303,0.0675,0.0,0.717,0.2642,0.0189,0.0093,0.1121,0.0,0.8785
3304,0.8824,0.0,0.0209,0.9144,0.0647,0.0029,0.0086,0.0029,0.9857
3305,0.0675,0.0,0.717,0.2642,0.0189,0.5584,0.1818,0.0,0.2597
3306,0.8824,0.0,0.0,0.0,1.0,0.0,0.0,0.0,1.0
3307,0.0675,0.0,0.1957,0.6594,0.1449,0.0609,0.8783,0.0,0.0609
3308,0.0675,0.0,0.0209,0.9144,0.0647,0.0029,0.0086,0.0029,0.9857
3309,0.0675,0.0,0.0209,0.9144,0.0647,0.0093,0.1121,0.0,0.8785
3310,0.0057,1.0,0.0209,0.9144,0.0647,0.0029,0.0086,0.0029,0.9857
3311,0.0675,0.0,0.0209,0.9144,0.0647,0.0,0.1406,0.0,0.8594
3312,1.0,0.2,0.0,0.0,1.0,0.8684,0.0,0.0,0.1316
3313,0.0675,0.0,0.6,0.1,0.3,0.0609,0.8783,0.0,0.0609
3314,0.0675,0.0,0.1,0.4,0.5,0.0029,0.0086,0.0029,0.9857
3315,0.0675,0.0,0.0209,0.9144,0.0647,0.0,0.1406,0.0,0.8594
3316,0.0675,0.0,0.3226,0.6452,0.0323,0.0609,0.8783,0.0,0.0609
3317,0.0675,0.0,0.0209,0.9144,0.0647,0.5584,0.1818,0.0,0.2597
3318,0.0675,0.0,0.3226,0.6452,0.0323,0.0,0.4286,0.0,0.5714
3319,0.0675,0.0,0.1957,0.6594,0.1449,0.5584,0.1818,0.0,0.2597
3320,0.0675,0.0,0.1957,0.6594,0.1449,0.5584,0.1818,0.0,0.2597
3321,0.0675,0.0,0.0209,0.9144,0.0647,0.0093,0.1121,0.0,0.8785
3322,0.0675,0.0,0.1,0.4,0.5,0.5584,0.1818,0.0,0.2597
3323,0.0675,0.0,0.0209,0.9144,0.0647,0.0093,0.1121,0.0,0.8785
3324,0.0119,1.0,0.0209,0.9144,0.0647,0.0029,0.0086,0.0029,0.9857
3325,0.3636,0.0,0.1,0.4,0.5,0.5584,0.1818,0.0,0.2597
3326,0.0675,0.0,0.1957,0.6594,0.1449,0.0,0.3,0.1,0.6
3327,0.0675,0.0,0.0209,0.9144,0.0647,0.0029,0.0086,0.0029,0.9857
3328,0.8824,1.0,0.0209,0.9144,0.0647,0.0,0.1406,0.0,0.8594
3329,0.0675,1.0,0.3226,0.6452,0.0323,0.0,0.4286,0.0,0.5714
3330,0.0675,0.0,0.1957,0.6594,0.1449,0.0029,0.0086,0.0029,0.9857
3331,0.0675,0.0,0.1957,0.6594,0.1449,0.0609,0.8783,0.0,0.0609
3332,0.0675,0.0,0.0209,0.9144,0.0647,0.0609,0.8783,0.0,0.0609
3333,0.0675,0.0,0.0209,0.9144,0.0647,0.0,0.1406,0.0,0.8594
3334,0.0675,0.0,0.1957,0.6594,0.1449,0.0609,0.8783,0.0,0.0609
3335,0.0675,0.0,0.2816,0.4434,0.2751,0.5325,0.0,0.1472,0.3203
3336,0.0675,0.0,0.1957,0.6594,0.1449,0.0609,0.8783,0.0,0.0609
3337,0.3636,1.0,0.0209,0.9144,0.0647,0.0,0.0,0.0,1.0
3338,1.0,0.0,0.0,0.0,1.0,0.5325,0.0,0.1472,0.3203
3339,0.0675,0.0,0.1957,0.6594,0.1449,0.0609,0.8783,0.0,0.0609
3340,0.0057,1.0,0.0209,0.9144,0.0647,0.0029,0.0086,0.0029,0.9857
3341,0.0675,0.0,0.1957,0.6594,0.1449,0.5584,0.1818,0.0,0.2597
3342,0.0675,0.0,0.1957,0.6594,0.1449,0.0609,0.8783,0.0,0.0609
3343,0.0119,0.0,0.0209,0.9144,0.0647,0.0,0.1406,0.0,0.8594
3344,0.0675,0.0,0.0209,0.9144,0.0647,0.0093,0.1121,0.0,0.8785
3345,0.125,0.0,0.0,0.0,1.0,0.0,0.0,0.0,1.0
3346,0.0675,0.8462,0.0209,0.9144,0.0647,0.0,0.4,0.0,0.6
3347,0.0675,0.0,0.717,0.2642,0.0189,0.0029,0.0086,0.0029,0.9857
3348,0.0675,1.0,0.0209,0.9144,0.0647,0.0029,0.0086,0.0029,0.9857
3349,0.0675,0.0,0.0209,0.9144,0.0647,0.0,0.4,0.0,0.6
3350,0.8824,0.0,0.0,0.0,1.0,0.0,0.1406,0.0,0.8594
3351,0.0675,0.0,0.0209,0.9144,0.0647,0.0029,0.0086,0.0029,0.9857
3352,0.0675,0.0,0.1957,0.6594,0.1449,0.0609,0.8783,0.0,0.0609
3353,0.0675,0.0,0.0209,0.9144,0.0647,0.0,0.1406,0.0,0.8594
3354,0.0675,0.0,0.0209,0.9144,0.0647,0.0,0.1406,0.0,0.8594
3355,0.0675,0.0,0.0209,0.9144,0.0647,0.0029,0.0086,0.0029,0.9857
3356,0.0675,0.0,0.0209,0.9144,0.0647,0.0029,0.0086,0.0029,0.9857
3357,0.0675,0.0,0.0209,0.9144,0.0647,0.0029,0.0086,0.0029,0.9857
3358,0.0675,0.0,0.0209,0.9144,0.0647,0.0093,0.1121,0.0,0.8785
3359,0.0675,0.0,0.0209,0.9144,0.0647,0.0,0.1406,0.0,0.8594
3360,0.0675,0.0,0.0209,0.9144,0.0647,0.0029,0.0086,0.0029,0.9857
3361,0.0675,0.0,0.1957,0.6594,0.1449,0.0,0.3,0.1,0.6
3362,0.0675,0.0,0.1957,0.6594,0.1449,0.5584,0.1818,0.0,0.2597
3363,0.0675,0.0,0.3226,0.6452,0.0323,0.0,0.4286,0.0,0.5714
3364,0.0675,0.0,0.0209,0.9144,0.0647,0.0609,0.8783,0.0,0.0609
3365,0.0675,0.0,0.1957,0.6594,0.1449,0.0609,0.8783,0.0,0.0609
3366,0.0119,1.0,0.0209,0.9144,0.0647,0.0,0.1406,0.0,0.8594
3367,0.0675,0.0,0.0209,0.9144,0.0647,0.0029,0.0086,0.0029,0.9857
3368,0.0675,0.0,0.0209,0.9144,0.0647,0.0093,0.1121,0.0,0.8785
3369,0.8824,0.0,0.0209,0.9144,0.0647,0.0,0.1406,0.0,0.8594
3370,0.0675,0.0,0.0209,0.9144,0.0647,0.0029,0.0086,0.0029,0.9857
3371,0.0675,0.0,0.3226,0.6452,0.0323,0.0029,0.0086,0.0029,0.9857
3372,0.0675,0.0,0.717,0.2642,0.0189,0.5584,0.1818,0.0,0.2597
3373,0.0675,0.0,0.0209,0.9144,0.0647,0.0029,0.0086,0.0029,0.9857
3374,0.0675,0.0,0.717,0.2642,0.0189,0.0609,0.8783,0.0,0.0609
3375,0.0675,0.0,0.6,0.1,0.3,0.0609,0.8783,0.0,0.0609
3376,0.0675,0.0,0.717,0.2642,0.0189,0.0093,0.1121,0.0,0.8785
3377,0.0675,0.0,0.0209,0.9144,0.0647,0.0093,0.1121,0.0,0.8785
3378,0.0675,0.2,0.2816,0.4434,0.2751,1.0,0.0,0.0,0.0
3379,0.0675,0.0,0.0209,0.9144,0.0647,0.0,0.1406,0.0,0.8594
3380,0.0675,0.0,0.1957,0.6594,0.1449,0.5584,0.1818,0.0,0.2597
3381,0.0675,0.0,0.2816,0.4434,0.2751,1.0,0.0,0.0,0.0
3382,0.0675,0.0,0.1957,0.6594,0.1449,0.0609,0.8783,0.0,0.0609
3383,0.125,0.0,0.0,0.0,1.0,0.0,0.0,0.0,1.0
3384,0.0675,0.0,0.1957,0.6594,0.1449,0.0609,0.8783,0.0,0.0609
3385,0.0675,0.0,0.0209,0.9144,0.0647,0.0029,0.0086,0.0029,0.9857
3386,0.0057,1.0,0.0209,0.9144,0.0647,0.0093,0.1121,0.0,0.8785
3387,0.0675,0.0,0.1957,0.6594,0.1449,0.0609,0.8783,0.0,0.0609
3388,0.125,0.0,0.0,0.0,1.0,0.0,0.0,0.0,1.0
3389,0.0675,0.0,0.0209,0.9144,0.0647,0.0,0.1406,0.0,0.8594
3390,0.0675,0.0,0.0209,0.9144,0.0647,0.0,0.1406,0.0,0.8594
3391,0.0675,0.0,0.0209,0.9144,0.0647,0.0609,0.8783,0.0,0.0609
3392,0.0675,0.0,0.6,0.1,0.3,0.5584,0.1818,0.0,0.2597
3393,0.0675,0.0,0.0209,0.9144,0.0647,0.0,0.1406,0.0,0.8594
3394,0.0675,0.0,0.0,0.0,1.0,0.0,0.3,0.1,0.6
3395,0.0057,1.0,0.0209,0.9144,0.0647,0.0093,0.1121,0.0,0.8785
3396,0.0675,1.0,0.0209,0.9144,0.0647,0.0029,0.0086,0.0029,0.9857
3397,0.0675,0.0,0.0209,0.9144,0.0647,0.0093,0.1121,0.0,0.8785
3398,0.0675,0.0,0.3226,0.6452,0.0323,0.0,0.4286,0.0,0.5714
3399,0.0119,0.0,0.0209,0.9144,0.0647,0.0029,0.0086,0.0029,0.9857
3400,0.0119,1.0,0.0,0.0,1.0,0.0029,0.0086,0.0029,0.9857
3401,0.0119,1.0,0.0209,0.9144,0.0647,0.0029,0.0086,0.0029,0.9857
3402,0.3636,0.0,0.0209,0.9144,0.0647,0.0029,0.0086,0.0029,0.9857
3403,0.0675,0.0,0.1957,0.6594,0.1449,0.5584,0.1818,0.0,0.2597
3404,0.0675,0.0,0.1,0.4,0.5,0.5584,0.1818,0.0,0.2597
3405,0.0675,0.0,0.717,0.2642,0.0189,0.0093,0.1121,0.0,0.8785
3406,0.0675,1.0,0.0209,0.9144,0.0647,0.0093,0.1121,0.0,0.8785
3407,0.0675,0.0,0.717,0.2642,0.0189,0.0029,0.0086,0.0029,0.9857
3408,0.0675,0.0,0.0209,0.9144,0.0647,0.0609,0.8783,0.0,0.0609
3409,0.0675,0.0,0.717,0.2642,0.0189,0.0609,0.8783,0.0,0.0609
3410,0.0675,0.0,0.3226,0.6452,0.0323,0.0,0.4286,0.0,0.5714
3411,0.0675,0.0,0.717,0.2642,0.0189,0.0029,0.0086,0.0029,0.9857
